ID,Wob,Hookload,TempOut,TempIn,PumpPres,SurfTorq,Rpm,FlowIn
1,0,31.54,94.48,91.18,456.09,8.97,61.75,1102.46
2,0,35.81,90.78,93.16,385.18,8.82,0,1068.02
3,0,37.56,92.42,93.35,341.34,8.82,45.18,986.74
4,0,32.15,88.68,93.08,426.74,8.7,120.36,1081.7
5,0,41.99,97.15,95.94,374.89,8.63,93.6,990.12
6,0,57.24,91.47,96.25,432.46,8.06,0,1052.61
7,0,57.92,90.97,96.17,438.56,8.06,0,1058.1
8,0,56.17,90.05,96.06,437.41,8.06,0,1055.05
9,0,55.71,97.41,96.02,444.66,8.13,0,1064.81
10,0,57.16,98.18,96.17,441.61,8.13,0,1054.65
11,0,55.33,98.18,96.63,440.08,7.94,0,1052.41
12,0,57.24,98.56,96.7,436.27,7.98,0,1047.12
13,0,53.2,98.9,97.09,442.37,7.98,0,1045.69
14,0,55.18,100.58,98.46,424.83,8.89,0,1020.85
15,0,61.81,100.77,98.53,423.31,8.93,0,1022.47
16,3.64,76.76,102.26,100.14,454.57,11.26,0,1039.55
17,4.25,76.15,102.18,100.29,450.38,11.26,0,1041.18
18,37.35,43.05,101.57,100.75,461.81,11.41,0,1050.12
19,17.6,62.8,101.61,100.82,456.86,11.41,0,1045.45
20,6.69,73.71,101.76,100.82,457.24,11.45,0,1044.23
21,23.39,57.01,102.37,100.82,453.04,11.68,0,1046.67
22,13.02,67.38,104.35,104.18,445.04,14.39,0,1010.67
23,9.9,70.5,106.03,104.6,446.94,15.15,0,1020.41
24,10.33,50.07,103.97,104.52,466.39,6.84,97.19,1045.59
25,26.77,58.23,101.72,104.33,220.48,4.7,70.26,739.1
26,2.75,79.81,105.15,105.47,367.64,4.7,52,908.94
27,2.44,56.96,109.19,108.29,396.24,4.59,77.96,893.46
28,2.4,57,109.35,108.33,397,4.59,65.21,894.48
29,10.78,48.62,111.9,110.54,414.16,4.82,85.89,887.28
30,14.61,44.79,111.21,110.58,406.15,4.78,76.74,851.91
31,11.88,47.52,111.63,110.62,405.01,4.74,84,852.52
32,8.54,50.86,112.21,111.15,399.67,4.82,92.54,845.75
33,9.55,49.85,112.36,111.15,400.05,4.89,89.01,845.95
34,6.59,53.18,110.57,108.41,432.08,4.55,78.27,865.8
35,8.39,51.38,110.68,108.33,431.69,4.59,87.85,868.87
36,1.19,59.11,108.97,107.88,485.45,76.64,97.52,883.43
37,5.01,55.29,108.16,107.99,483.54,78.7,84.98,881.58
38,8.57,51.73,107.59,108.41,475.16,77.22,86.96,864.16
39,10.36,50.24,108.01,109.29,487.36,79.12,69.27,868.29
40,9.88,50.72,109.12,109.82,498.03,76.61,76.34,875.88
41,8.56,52.04,109.5,110.43,504.89,75.16,80.37,880.8
42,4.08,57.22,111.25,111.27,560.56,70.31,81.1,924.8
43,6.23,55.07,111.21,111.31,560.56,70.16,78.42,927.25
44,7.63,53.67,111.18,111.31,559.41,76.87,72.59,884.25
45,5.88,55.42,111.14,111.57,557.13,75.5,79.58,842.48
46,11.16,50.14,110.53,112.11,499.18,97.99,82.23,889.96
47,8.39,52.91,110.49,112.03,502.23,105.89,97.27,850.02
48,16.22,45.08,113.04,112.49,514.04,133.41,75.25,886.31
49,5.27,54.23,114.11,113.17,521.67,63.53,89.65,890.79
50,10.71,48.79,114.42,113.1,529.29,86.82,78.36,905.93
51,13.07,46.43,114.68,113.06,534.25,84.8,77.47,909.41
52,12.09,47.41,114.95,112.95,533.49,83.16,83.7,813.16
53,4.98,54.52,113.73,112.91,535.01,112.06,71.92,897.73
54,8.33,49.97,113.81,113.02,514.04,136.12,70.55,889.58
55,6.46,51.84,113.54,113.37,516.71,145.54,80.19,903.04
56,7.28,51.02,114.46,113.78,513.28,145.15,85.13,896.07
57,9.67,50.63,115.26,114.05,490.03,139.44,80.28,859.51
58,4.96,55.34,115.29,114.09,499.56,144.28,82.32,864.86
59,7.77,52.53,116.7,115,522.43,73.36,77.75,865.35
60,9.09,51.21,116.48,115,519,80.07,73.45,889.28
61,4.22,56.08,116.97,115.23,548.74,68.37,98.92,894.29
62,3.03,57.27,116.25,115.42,549.12,62.96,102.95,893.89
63,11.17,49.23,114.76,114.13,554.46,140.58,85.04,896.8
64,7.42,52.98,114.49,114.17,504.13,135.66,89.58,859.46
65,10.43,49.97,115.83,114.09,502.61,138.79,88.18,827.52
66,8.98,51.42,116.32,114.47,502.61,146.76,83.94,859.04
67,2.76,57.64,116.36,114.78,470.96,128.76,94.92,824.26
68,8.53,51.87,116.63,114.66,471.73,140.96,79.18,826.31
69,11.09,49.31,116.74,114.51,469.82,135.32,80,823.85
70,10.55,49.85,116.82,114.43,492.31,151.1,61.03,840.46
71,15.66,44.74,115.71,114.01,506.8,170.58,89.95,855.59
72,13.39,47.01,116.06,113.82,494.22,194.75,64.05,873.3
73,5.11,55.29,115.83,113.98,506.04,155.64,78.14,854.36
74,13.31,47.09,116.09,113.94,505.28,149.35,85.68,855.59
75,9.61,53.19,115.98,113.78,508.71,165.63,79.85,863.34
76,13.65,49.15,116.78,115.42,513.28,162.58,66.49,748.44
77,9.65,53.15,116.67,115.42,510.23,171.04,67.65,747.62
78,4.95,57.85,116.55,115.5,514.43,118.12,85.41,846.52
79,5.28,57.52,116.63,115.5,520.53,116.14,83.85,833.49
80,0.78,62.02,116.97,115,543.4,180.08,69.85,791.94
81,9.4,53.4,117.12,114.78,503.37,133.95,87.08,682.13
82,13.11,49.69,116.86,113.44,507.56,126.28,62.8,850.43
83,6.97,55.83,115.87,113.63,507.56,145.84,63.77,842.68
84,19.23,45.07,114.72,112.53,497.65,153.92,67.34,621.56
85,15.4,48.9,114.65,112.56,496.13,140.62,85.19,848.64
86,13.67,50.63,114.68,112.53,497.65,135.89,87.91,845.77
87,11.69,52.61,114.87,112.53,496.13,136.16,90.29,830
88,12.22,52.08,114.84,112.18,523.19,150.07,111.34,725.08
89,9.09,55.21,114.19,112.34,535.78,132.04,104.29,803.69
90,11.19,53.11,114.23,112.3,532.34,132.31,96.24,747.38
91,4.06,60.24,114.76,112.26,532.73,122.43,103.96,895.63
92,11.48,52.82,114.84,112.3,522.43,137.38,85.16,886.42
93,17.79,46.51,114.72,112.03,566.28,148.05,88.43,666.99
94,10.2,54.1,114.46,112.15,564.37,136.96,99.38,708.36
95,12.72,51.58,114.3,112.15,563.23,139.97,95.26,786.37
96,15.48,48.82,114.42,112.18,563.99,147.9,92.76,864.39
97,15.64,48.66,114.65,112.37,562.46,135.66,95.35,850.05
98,15.03,49.27,114.72,113.02,517.09,144.32,102.25,799.91
99,14.9,49.4,115.03,113.17,520.53,132.27,79.18,828.39
100,14.82,49.48,115.03,113.17,519,134.36,86.75,823.47
101,16.06,48.24,115.1,113.21,519,135.85,88.94,731.73
102,18.33,45.97,115.48,113.1,549.88,145,85.22,757.71
103,5.38,58.92,115.6,113.48,555.6,119.42,103.16,883.64
104,14.45,49.85,115.87,113.29,552.17,139.47,76.89,815.66
105,20.55,43.75,116.09,113.44,552.17,145,77.38,873.2
106,20.92,43.38,116.17,113.4,549.12,149.08,74.67,869.3
107,22.12,42.18,116.59,114.01,503.37,182.21,81.84,813.04
108,18.86,45.44,116.44,114.09,551.41,163.68,83.64,863.56
109,17.09,47.21,116.86,114.05,546.07,167.95,80.89,861.3
110,20.88,43.42,116.9,114.09,547.98,167.69,78.75,862.32
111,17.87,46.43,117.01,114.09,544.16,150.26,96.88,859.66
112,17.09,47.21,117.05,114.13,539.97,159.37,87.48,862.32
113,17.01,47.29,117.09,114.17,541.11,160.82,86.32,863.75
114,16.72,47.58,116.86,113.98,556.74,147.4,91.17,869.7
115,14.33,49.97,116.74,114.01,559.03,153.27,86.47,872.37
116,13.75,50.55,116.82,113.98,551.03,146.72,92.06,868.26
117,11.61,52.69,117.09,114.47,535.39,145.95,80.13,836.16
118,19.6,51.4,118.15,115.61,541.11,143.51,97.55,840.42
119,20.51,50.49,118.95,116.57,550.64,146.22,90.47,841.84
120,16.26,54.52,121.05,118.28,665.78,148.32,103.44,961.17
121,19.58,51.2,121.78,118.63,684.46,136.65,95.32,960.39
122,19.16,51.61,122.35,118.89,680.65,136.92,89.83,946.91
123,14.14,56.63,121.17,117.48,625.37,140.08,82.26,895.77
124,20.53,50.24,121.09,117.86,658.92,136.54,90.74,933.14
125,19,51.78,121.36,117.86,661.21,132.61,84.37,932.31
126,17.17,51.78,123.07,119.92,615.08,157.77,97.7,887.68
127,16.14,52.81,123.34,120.15,608.21,138.52,88.52,876.45
128,11.9,57.05,123.38,120.23,609.74,140.2,88.7,878.89
129,15.51,53.44,123.41,120.23,603.26,135.85,89.07,868.46
130,12.81,59.49,120.21,117.94,623.08,94.26,78.88,848.07
131,17.1,55.8,119.53,119.5,615.46,120.91,61,841.68
132,18.51,54.39,123.64,120.23,664.26,223.73,78.63,867.73
133,16.97,55.72,123.91,119.31,626.89,228.76,86.26,860.24
134,16.88,55.8,123.68,119.85,620.79,150.87,77.32,850.83
135,15.89,56.8,123.53,119.92,621.18,144.51,94.62,852.26
136,19.99,52.69,123.45,120.27,619.65,139.85,92.21,850.62
137,25.01,47.67,123.49,119.85,641.38,180.27,60.17,861.87
138,23.98,48.71,123.8,120.3,630.71,156.48,84.76,797.01
139,22.23,50.45,123.76,120.34,631.85,152.63,92.33,710.87
140,24.35,48.34,123.8,120.34,637.95,147.37,99.1,824.43
141,24.61,50.09,122.96,119.62,622.32,162.23,77.69,833.41
142,23.48,51.22,122.08,119.47,603.64,191.17,85.41,836.07
143,23.57,51.13,122.19,119.39,606.31,196.2,86.32,836.69
144,24.11,50.59,122.35,119.35,603.64,193.34,86.87,835.05
145,25.44,49.26,122.96,119.77,602.11,179.73,85.04,838.73
146,22.99,51.71,122.92,119.5,628.04,184.19,85.65,833.33
147,23.48,51.22,122.84,119.31,627.66,116.48,102.09,838.13
148,25.23,49.47,123.07,119.88,617.36,153.05,97.43,827.29
149,23.23,51.47,122.54,120,614.69,157.43,87.24,827.49
150,24.65,50.05,122.58,119.96,620.79,171.99,89.16,832.81
151,22.82,51.88,123.22,120.23,613.17,240.92,82.35,825.86
152,22.16,52.54,123.83,120.69,641,136.84,84.37,828.85
153,22.86,51.84,123.99,120.84,642.14,130.67,88.4,829.26
154,23.73,50.97,124.29,121.45,636.43,141.34,81.53,824.55
155,24.19,50.51,124.33,121.41,639.86,142.33,81.26,826.19
156,21.45,53.25,124.44,121.68,639.86,136.16,90.56,825.78
157,22.45,52.25,124.56,121.87,642.53,134.4,82.32,827.83
158,18.33,56.37,124.63,121.94,642.91,135.7,83.06,832.33
159,21.12,53.58,124.41,122.52,557.89,105.35,102.58,775.31
160,20.04,54.66,124.52,122.97,642.53,110.35,100.93,873.9
161,24.48,50.22,124.98,123.32,642.14,104.55,87.54,865.92
162,25.35,49.35,126.46,124.04,646.34,105.31,111.09,874.11
163,18.38,56.32,127,124.42,640.62,85.41,112.35,869.4
164,18.83,55.87,127.07,123.93,630.71,92.58,75.76,834.63
165,22.2,52.5,127,123.89,636.04,143.17,88.3,852.02
166,23.48,51.22,127,123.89,636.43,140.24,91.66,865.32
167,22.32,52.38,128.07,124.61,639.86,98.11,91.45,841.4
168,18.96,55.74,128.18,125.03,680.27,102.15,86.66,849.37
169,22.2,52.5,128.68,125.18,687.13,106.34,95.84,859.8
170,24.02,50.68,128.87,125.34,683.32,114.65,92.51,863.89
171,20.06,56.74,129.32,125.87,702.76,96.35,90.9,849.92
172,24.42,52.38,128.79,126.14,706.58,99.75,90.41,857.49
173,25.91,50.88,132.98,127.17,710.77,119.57,111.61,870.6
174,26.58,50.22,133.37,127.24,710.01,112.75,124.24,873.87
175,17.11,58.19,131.38,127.62,661.21,88.77,124.76,839.57
176,19.89,55.41,132.37,128.73,727.93,108.02,104.26,856.9
177,21.3,54,132.49,129.15,729.07,100.2,112.8,857.1
178,17.07,59.19,130.89,127.51,706.58,97.27,94.34,842.9
179,27.91,48.35,130.96,127.47,714.2,99.79,91.93,841.95
180,20.93,55.33,132.3,128.81,674.17,96.24,81.96,852.04
181,26.83,49.43,132.45,128.77,674.55,102.38,89.8,854.29
182,23.55,52.71,131.65,128.16,689.98,105.77,82.45,842.19
183,19.31,56.95,131.61,128.12,688.59,104.93,101.33,721.91
184,24.4,54,131.38,128.01,691.12,111.18,79.33,846.09
185,26.23,52.17,131.42,127.89,684.26,96.54,70.09,826.65
186,22.78,55.62,132.95,130.25,710.27,105.47,84,814.11
187,20.95,57.45,117.35,115.54,1062.02,171.23,93.31,708.41
188,17.42,60.98,118.99,116.26,1062.35,170.77,81.59,705.75
189,17.18,61.22,119.68,117.22,1075,178.06,84.7,701.86
190,20.37,58.03,119.83,117.41,1070.44,178.7,101.24,710.66
191,21.49,56.91,121.39,118.44,1071.18,175.58,87.36,700.02
192,23.82,54.58,122.35,118.86,1073.74,159.11,57.28,712.5
193,22.12,56.28,122.35,118.93,1073.99,159.79,54.9,708.82
194,9.95,68.45,122.54,119.24,1103.36,150.07,61.15,724.16
195,21.33,57.07,122.96,119.73,1151.1,155.26,55.11,712.3
196,18.65,52.38,123.87,119.88,1066.85,155.52,51.54,687.13
197,19.81,51.22,125.74,121.41,1125.69,159.72,57.24,709.84
198,18.44,52.59,125.74,121.33,1112.01,161.66,55.69,711.27
199,16.99,53.79,126.01,122.86,1122.99,169.71,55.69,694.09
200,15.74,55.04,126.46,122.97,1098.52,153.01,56.39,698.79
201,20.64,54.16,127.99,124.27,1092.04,160.9,57.92,690
202,21.89,52.92,128.33,124.54,1092.04,161.01,68.87,711.89
203,18.65,56.16,129.44,125.72,1073.33,150.49,54.62,699.61
204,19.73,55.08,129.21,125.45,1101.25,155.3,57.82,694.7
205,22.51,52.3,129.55,125.79,1110.58,160.79,58.89,691.63
206,21.39,53.42,129.86,126.37,1381.74,163.26,55.9,667.25
207,17.69,57.36,131.31,127.24,1499.39,151.67,60.11,717.01
208,19.06,55.99,131.84,127.62,1513.74,154.34,53.49,713.53
209,19.27,55.78,133.75,129.64,1473.56,160.9,51.57,699.81
210,17.65,57.4,133.78,129.68,1492.93,162.04,49.98,697.35
211,13.25,61.81,135.12,130.22,1345.87,144.51,60.23,680.97
212,12.13,62.93,135.27,130.41,1417.61,148.32,69.66,701.86
213,20.14,54.91,135.42,129.03,1442.72,150.22,56.45,697.15
214,23.51,51.55,135.16,129.38,1422.63,149.61,56.27,699.4
215,24.48,53.92,135.27,131.25,1425.5,152.09,50.2,690.41
216,23.99,54.41,135.69,131.55,1444.87,156.4,45.22,694.29
217,24.19,54.21,135.77,131.63,1442,150.95,50.47,695.32
218,25.56,52.84,136.15,132.01,1436.26,152.44,51.39,691.22
219,23.65,54.75,136.64,132.5,1477.15,154.61,48.79,694.09
220,14.06,64.34,136.64,132.58,1439.85,141.46,65.51,702.48
221,22.87,55.53,137.33,133.42,1486.8,144.01,46.63,690.59
222,21.7,56.7,137.48,133.72,1494.02,150.42,52.06,689.77
223,21.74,56.66,137.67,134.03,1488.24,150.61,50.65,692.85
224,21.66,56.74,137.79,134.26,1486.07,151.6,50.35,692.23
225,21.12,57.28,138.36,134.52,1483.52,152.13,49.98,690.59
226,21.79,56.61,137.9,133.69,1441.54,151.37,51.17,686.29
227,20.46,57.94,138.63,134.07,1481.4,151.52,46.6,692.03
228,20.87,57.53,138.66,134.83,1498.07,153.54,52.42,699.6
229,19.38,59.02,138.63,134.68,1492.66,153.27,51.17,692.23
230,20.58,57.82,138.89,134.75,1480.27,147.98,54.32,696.53
231,20.58,57.82,139.05,135.25,1483.92,147.9,52.88,698.37
232,19.75,58.65,139.47,135.4,1500.99,150.49,50.81,694.07
233,19.5,58.9,139.47,135.44,1485.67,149.35,50.47,693.05
234,20.79,57.61,139.47,135.48,1500.99,149.58,50.9,692.23
235,20.04,58.36,139.54,135.48,1501.31,158.54,50.84,694.07
236,18.71,59.69,139.24,135.17,1484.5,156.67,50.75,690.39
237,19.17,59.23,139.05,134.45,1480.92,151.6,52.94,690.81
238,19.21,59.19,139.12,134.45,1475.78,152.51,50.38,692.86
239,19.71,58.69,139.08,134.49,1475.78,151.1,48.61,688.77
240,19.38,59.02,139.12,134.56,1472.84,152.66,55.05,689.59
241,19.83,58.57,139.2,134.64,1477,146.87,58.1,691.63
242,18.21,60.19,136.72,132.73,1508.38,149.2,49.83,692.25
243,22.41,55.99,137.67,133.5,1528.34,148.05,51.72,690
244,20.12,58.28,137.83,133.69,1519.47,146.34,52.73,692.04
245,22.08,56.32,137.98,133.57,1524.2,148.85,53.34,686.31
246,21.74,56.66,138.17,133.8,1539.75,155.1,47.7,682.02
247,26.15,52.25,139.85,135.71,1616.03,157.47,45.32,689.18
248,24.53,53.87,139.96,135.94,1590.85,143.78,53.46,690.2
249,23.11,55.29,140.11,136.01,1587.89,151.22,47.48,689.59
250,23.86,54.54,140.15,136.09,1607.14,151.37,47.42,686.52
251,20.83,57.57,140.23,136.16,1620.47,156.32,44.86,686.31
252,20.21,58.19,140.46,136.28,1585.67,145.5,52.39,694.09
253,22.03,56.37,140.88,136.7,1577.52,145.54,52.7,690.81
254,21.45,56.95,141.1,136.93,1579.74,143.1,55.54,691.43
255,26.85,51.55,142.21,137.88,1616.03,145.84,50.59,0
256,20.62,57.78,142.32,137.99,1583.44,143.29,50.26,0
257,23.86,54.54,142.48,138.3,1584.93,144.35,52,0
258,27.28,55.12,142.71,138.49,1600.48,148.81,49.34,684.68
259,30.19,52.21,142.97,138.72,1606.4,147.17,46.93,685.49
260,25.79,56.61,143.13,138.99,1592.33,140.2,54.19,685.09
261,28.98,53.42,143.62,138.45,1623.43,152.09,44.77,688.97
262,26.57,55.83,144.19,138.79,1612.33,156.74,41.75,686.11
263,30.15,52.25,143.54,138.64,1622.69,152.74,45.93,690
264,30.31,52.09,144.04,139.14,1627.88,153.69,51.69,693.27
265,30.85,51.55,144.5,139.9,1630.84,158.76,47.45,694.91
266,30.52,51.88,145.41,140.09,1610.1,155.87,48.88,701.04
267,29.56,52.84,145.45,140.13,1618.99,159.95,46.35,699.2
268,24.95,57.45,144.99,139.86,1547.9,149.84,72.32,696.34
269,28.98,53.42,145.34,139.79,1589.37,157.47,51.6,685.29
270,25.58,56.82,143.58,138.38,1605.66,147.56,51.05,690.41
271,30.15,52.25,143.54,138.64,1622.69,152.74,45.93,690
272,30.31,52.09,144.04,139.14,1627.88,153.69,51.69,693.27
273,29.36,53.04,144.23,139.48,1629.36,160.02,49.95,692.25
274,32.89,49.51,144.61,139.94,1616.03,152.89,54.86,702.07
275,29.73,52.67,144.8,139.98,1606.4,161.36,45.28,702.07
276,33.76,48.64,145.15,139.98,1598.26,151.79,53.4,705.55
277,28.07,54.33,144.92,139.94,1575.3,160.21,64.05,691.22
278,20.93,61.47,145.15,139.79,1559.75,154.57,66.89,693.47
279,20.93,61.47,145.15,139.79,1559.75,154.57,66.89,693.47
280,30.31,52.09,145.18,139.9,1581.96,162.73,64.9,691.63
281,29.32,53.08,145.26,139.79,1586.41,168.22,53.64,684.68
282,20.84,61.56,145.26,139.25,1660.46,151.22,50.5,702.67
283,22.92,59.48,145.18,139.71,1663.42,153.92,48.4,702.26
284,20.88,61.52,145.3,139.86,1650.83,149.5,43.94,704.31
285,21.42,60.98,145.49,140.62,1655.28,198.99,39,692.93
286,19.8,82.9,127.76,122.13,1646.54,107.79,53.28,695.51
287,19.72,83.48,128.52,123.58,1546.49,97.99,53.89,667.66
288,22.91,80.29,128.03,124.57,1633.84,112.29,49.98,686.5
289,26.19,77.01,130.43,129.11,1651.76,103.1,34.67,705.34
290,26.11,77.09,131.69,130.25,1561.42,150.68,40.46,695.3
291,25.24,77.96,131.73,130.45,1562.17,153.27,42.17,694.69
292,26.11,77.09,131.95,130.83,1566.65,155.94,41.07,692.23
293,25.86,77.34,132.07,130.9,1574.86,151.52,41.68,689.36
294,26.03,77.17,132.22,131.06,1588.3,154.8,34.09,688.34
295,26.53,76.67,132.95,131.21,1571.13,160.98,59.81,689.98
296,20.03,80.37,134.54,123.32,1641.31,108.63,29.45,693.46
297,21.82,78.58,135.45,124.38,1679.39,178.06,37.11,703.17
298,22.48,77.92,135.29,125.37,1669.68,107.26,35.61,696.12
299,22.31,78.09,135.52,126.02,1668.19,128.07,45.13,729.74
300,22.07,78.33,135.02,127.24,1671.18,158.04,45.68,727.37
301,22.4,78,135.36,127.55,1692.08,149.77,43.52,735.35
302,22.11,78.29,135.7,127.97,1711.5,147.44,42.87,736.86
303,21.9,78.5,136.12,128.58,1664.46,127.08,51.39,725.23
304,21.82,78.58,136.73,129,1670.43,119,39.18,728.68
305,21.61,78.79,136.62,129.07,1662.96,114.88,37.84,726.1
306,21.28,79.12,136.4,129.42,1665.2,121.33,43.58,725.45
307,21.53,78.87,136.29,129.8,1659.98,115.91,48.37,724.59
308,21.48,78.92,139.05,130.6,1737.63,125.06,50.47,730.39
309,21.07,79.33,138.01,130.64,1738.37,127.16,42.36,730.17
310,21.73,78.67,139.97,130.86,1737.63,140.73,40.07,726.29
311,22.44,77.96,140.2,131.13,1712.24,118.62,54.62,727.37
312,22.65,77.75,140.7,131.59,1740.61,136.42,40.43,723.28
313,14.38,86.02,140.35,132.85,1716.34,108.25,43.06,727.16
314,17.46,82.94,140.29,135.21,1731.32,118.16,39.88,732.98
315,16.04,84.36,140.1,135.78,1725.33,112.33,48.06,733.41
316,18.79,81.61,140.97,135.63,1728.32,161.47,43.09,728.88
317,19.32,81.08,140.59,136.93,1722.89,155.52,37.35,726.94
318,19.49,80.91,140.36,136.89,1663.61,142.49,43.79,736.21
319,20,107.32,140.8,131.36,1720.77,82.97,0,300.18
320,19.83,96.57,140.73,131.13,1718.9,99.56,44.16,676.07
321,21.57,78.83,140.44,133.99,1677.3,161.74,62.07,715.09
322,21.44,78.96,140.02,133.72,1663.75,168.14,48.12,717.03
323,21.9,78.5,140.61,133.57,1630.63,163.91,58.37,717.67
324,27.88,72.52,140.46,133.57,1644.18,135.28,46.35,715.95
325,28.17,72.23,140.42,133.57,1647.19,132.04,46.26,715.73
326,28.21,72.19,140.3,133.57,1662.25,135.24,42.75,719.18
327,27.96,72.44,140.9,134.94,1666.01,140.16,38.91,720.91
328,27.38,73.02,140.76,134.64,1754.08,155.71,54.9,723.28
329,28.5,71.9,140.84,134.75,1748.81,142.83,56.18,721.77
330,28.59,71.81,141.91,135.82,1743.54,142.45,44.16,724.79
331,28.34,72.06,141.98,135.97,1745.05,148.47,45.44,724.14
332,28.38,72.02,141.94,135.48,1769.89,154.95,49.43,721.77
333,28.67,71.73,142.1,136.05,1752.58,133.03,49.74,725.43
334,29.17,71.23,142.21,136.28,1755.59,142.45,50.9,725
335,28.54,71.86,142.97,137.08,1763.87,147.63,47.57,720.26
336,27.92,72.48,143.24,137.23,1764.62,135.7,32.47,721.77
337,27.8,72.6,141.33,134.64,1340.83,143.48,59.2,734.5
338,28.13,72.27,140.95,134.45,1411.59,146.53,55.47,632.63
339,28.92,71.48,140.95,134.49,1754.83,131.62,53.67,725.23
340,23.56,76.84,143.09,137.57,1776.66,168.83,50.32,730.62
341,24.06,76.34,143.96,138.11,1773.65,159.49,54.01,723.51
342,24.68,75.72,144.04,138.03,1753.33,153.31,36.96,719.42
343,21.28,79.12,143.09,136.7,1829.31,154.91,46.9,739.66
344,22.48,77.92,143.05,136.89,1833.83,143.36,47.79,737.08
345,23.81,76.59,142.93,137.08,1833.08,136.73,51.17,738.59
346,21.78,78.62,143.28,137.19,1843.63,148.32,46.54,733.2
347,23.27,77.13,143.2,137.16,1840.61,158.23,53.49,733.85
348,23.44,76.96,143.24,137,1843.63,165.17,47.18,732.56
349,19.28,81.12,141.68,135.29,1811.88,115.61,46.29,722.41
350,21.15,79.25,142.48,136.7,1856.43,166.43,57.64,726.51
351,16.21,84.19,142.59,136.35,1875.31,122.36,64.72,731.68
352,16.75,83.65,142.74,137.23,1878.34,152.66,51.72,729.96
353,19.16,81.24,141.64,135.97,1789.84,179.54,52.61,722.85
354,18.7,81.7,143.01,137.08,1843.55,175.43,55.47,728.02
355,18.37,82.03,143.81,137.61,1820.76,181.72,53.31,726.94
356,28.64,78.65,143.7,137.69,1791.21,90.6,43.64,720.26
357,27.66,79.63,144.19,138.6,1741.97,106.61,39.7,730.82
358,28.55,78.74,144.27,138.68,1769.24,113.55,38.21,726.94
359,27.79,79.5,146.48,138.95,1845.76,119.04,56.24,728.88
360,27.79,79.5,145.83,140.13,1835.91,130.51,21.06,719.33
361,27.66,79.63,145.98,140.09,1792.73,115.19,39.58,722.34
362,28.42,78.87,146.14,140.09,1805.61,116.71,32.41,716.53
363,29.15,78.14,146.48,140.43,1792.73,128.19,56.66,721.91
364,28,79.29,146.79,140.66,1770.76,116.79,27.86,722.56
365,28.17,79.12,147.93,142.26,1792.73,118.47,54.62,724.28
366,27.66,79.63,149.03,143.41,1838.19,133.37,55.72,722.78
367,30,77.29,149.11,143.14,1840.46,210.88,55.2,723.21
368,27.87,79.42,149.26,143.52,1870.76,130.97,44.37,727.94
369,19.74,87.55,149.45,143.48,1852.58,136.12,48.46,728.38
370,21.1,86.19,149.45,143.41,1811.67,137.91,47.66,731.61
371,19.91,87.38,149.38,143.33,1823.03,117.44,48.27,727.73
372,17.14,90.15,145.22,139.52,1879.1,132.23,49.37,730.1
373,16.72,90.57,145.64,139.79,1879.85,174.17,62.03,727.94
374,17.99,89.3,146.06,140.47,1873.04,139.51,63.59,728.38
375,16.29,91,146.14,141.16,1774.55,134.94,62.61,719.33
376,17.23,90.06,146.86,141.77,1801.82,180.88,89.19,713.95
377,19.31,87.98,148.12,142.15,1809.4,94.56,60.75,724.57
378,19.14,88.15,148.46,142.72,1811.67,104.55,58.56,728.45
379,23.7,83.59,150.83,145.5,1785.91,110,64.96,699.78
380,5.6,101.69,142.29,134.94,1627.57,109.89,59.84,731.04
381,19.85,97.94,143.35,137.99,1739.69,112.94,58.19,712.93
382,19.59,98.2,142.86,138.3,1695.75,113.01,57.61,721.77
383,17.42,100.37,143.7,137.77,1748.03,116.71,58.59,710.13
384,19.64,98.15,143.47,136.24,1728.33,117.36,52.94,712.72
385,22.36,95.43,145.03,141.27,1705.6,130.32,66.18,696.12
386,21,96.79,146.02,142.42,1694.24,157.66,61.76,709.05
387,20.19,97.6,146.79,143.06,1746.51,112.86,57.09,735.78
388,23.38,94.41,151.55,146.27,1781.36,123.35,58.34,733.19
389,24.92,92.87,143.66,128.16,1776.06,108.67,65.57,734.48
390,26.36,91.43,138.93,122.86,1795,102.84,48.95,728.45
391,25.55,92.24,130.66,116.19,1820,135.89,36.93,727.3
392,28.79,89,129.06,115.23,1815.46,117.28,49.28,717.61
393,28.79,89,127.04,113.59,1782.12,128.95,67.22,717.39
394,31.86,85.93,126.58,113.06,1845,130.17,57.61,724.28
395,30.28,87.51,126.35,112.91,1843.49,155.45,48.09,721.27
396,28.41,89.38,124.79,111,1823.03,127.39,43.58,723.64
397,27.9,89.89,123,109.93,1827.58,123.73,42.42,688.1
398,27.26,90.53,120.29,107.27,1836.67,137.38,25.64,713.3
399,28.02,89.77,120.14,107.91,1776.06,124.57,65.73,0
400,28.07,89.72,118.84,106.24,1730.6,128.57,67.98,717.39
401,28.96,88.83,118.34,106.01,1744.24,89.19,44.22,719.55
402,29.13,88.66,118.08,105.82,1750.3,105.05,44.06,725.79
403,28.79,89,117.96,105.85,1776.82,124.11,31.25,732.9
404,28.75,89.04,117.47,105.51,1785.91,95.52,44.71,732.47
405,29.09,88.7,116.48,104.44,1774.55,102.68,57.49,728.59
406,28.02,89.77,116.29,103.95,1765.45,106.76,52.67,726.22
407,28.79,89,115.98,103.8,1799.55,111.38,48.7,723.42
408,26.41,91.38,115.56,102.42,1770.76,143.48,45.04,716.31
409,26.79,91,115.48,102.61,1769.24,151.75,52.39,719.98
410,27.22,90.57,114.3,102.19,1775.3,185.87,61.09,725.86
411,26.15,91.64,114.23,102.35,1801.06,183.01,62.58,730.6
412,27.85,89.94,114.57,103.38,1801.82,173.98,56.73,732.33
413,24.53,93.26,112.97,96.48,1748.79,163.64,53.95,0
414,25.17,92.62,114.15,103.49,1766.97,248.74,58.95,730.74
415,11.47,99.82,115.83,103.8,1782.22,161.51,32.87,726.65
416,12.1,99.19,115.45,104.29,1772.37,177.94,25.33,727.51
417,14.36,96.93,115.07,104.1,1776.16,172.91,25.88,729.88
418,14.4,96.89,114.04,103.26,1761.77,134.48,32.59,732.47
419,23.22,88.07,112.82,101.74,1711,232.08,39.46,746.77
420,25.86,85.43,113.39,104.06,1753.43,255.64,57.18,726.51
421,25.43,85.86,113.46,103.68,1781.46,234.4,52.97,725.86
422,24.2,87.09,114.57,105.28,1807.22,243.78,56.6,731.25
423,28.3,87.99,115.71,106.77,1757.22,189.46,63.16,729.31
424,24.9,91.39,116.51,107.23,1786.77,197.84,54.74,734.7
425,24.26,92.03,116.59,106.58,1783.74,150,36.25,725
426,24.47,91.82,116.67,106.05,1782.22,131.2,40.74,725.86
427,24.21,92.08,114.72,104.63,1786.77,142.1,38.33,744.4
428,23.49,92.8,115.03,104.9,1815.56,135.93,42.54,743.75
429,24.09,92.2,114.11,103.53,1814.04,126.89,52.24,732.33
430,9.95,106.34,116.97,106.16,1764.8,167.15,48.7,721.12
431,9.57,106.72,117.35,106.46,1801.16,161.01,50.41,726.08
432,21.96,94.33,116.97,106.01,1770.86,42.25,0,695.64
433,20.51,95.78,116.63,106.27,1763.28,170.93,28.5,704.25
434,19.37,92.42,116.55,103.99,2068.6,172.83,12.79,729.96
435,18.39,93.4,116.13,105.24,1994.35,179.96,42.05,0
436,17.76,94.03,116.09,105.21,1807.22,180.04,44.64,0
437,17.07,94.72,116.09,105.24,1761.77,180.19,44.71,0
438,15.97,95.82,116.09,105.32,1835.25,180.5,42.45,0
439,17.63,94.16,116.13,105.44,1891.32,180.15,39.3,0
440,18.86,92.93,116.13,105.44,1773.89,180.76,42.08,0
441,18.05,93.74,116.21,105.4,1785.25,184,37.99,0
442,27.12,84.67,115.71,104.94,1869.35,36.84,0,695.04
443,21.5,90.29,115.75,105.82,1944.35,210.2,55.72,715.09
444,19.59,92.2,115.9,106.2,1947.38,204.21,56.88,715.73
445,20.91,90.88,116.21,106.58,1891.77,210.2,59.72,729.1
446,20.31,91.48,113.81,103.76,1533.72,217.1,58.1,608.83
447,40.66,71.13,113.69,103.34,1361.74,48.93,0,558.88
448,18.27,93.52,112.28,102.23,1404.93,221.52,57.82,588.78
449,17.71,94.08,112.36,102.08,1316.28,226.67,59.75,592.45
450,33.3,78.49,113.31,102.27,1528.42,33.1,0,598.7
451,33.81,77.98,112.24,101.24,1584.48,17.66,0,617.02
452,33.21,78.58,112.09,100.94,1550.39,17.17,0,600.64
453,35.47,76.32,112.02,101.36,1709.49,17.36,0,621.54
454,17.88,93.91,111.37,100.82,1445.08,99.18,31.01,632.54
455,19.33,92.46,111.33,100.75,1576.15,98.07,30.67,633.61
456,11.33,100.46,117.39,107.3,1751.16,172.26,47.27,666.16
457,21.29,90.5,114.87,104.25,1409.47,118.81,32.35,610.55
458,22.57,89.22,114.87,104.18,1482.96,126.82,30.52,621.97
459,36.02,75.77,115.79,104.18,1630.7,20.37,0,601.28
460,23.63,88.16,115.33,104.06,1466.29,109.62,9.31,593.09
461,24.87,86.92,114.95,103.91,1470.84,119.84,23.78,594.6
462,23.38,88.41,114.65,103.91,1439.02,126.51,28.23,611.63
463,24.44,87.35,114.38,103.64,1472.35,118.62,29.3,605.59
464,23.72,88.07,114.68,103.95,1441.29,118.7,25.67,622.19
465,23.76,88.03,114.65,104.02,1460.23,125.82,27.19,603.44
466,25.04,85.52,114.49,104.06,1453.41,127.73,33.26,608.18
467,26.61,83.94,114.53,103.95,1700.4,128.23,31.1,616.37
468,26.36,84.2,114.57,103.83,1712.52,126.36,35.25,622.19
469,27.29,83.26,113.54,103.3,1441.29,109.55,33.6,592.88
470,25.38,85.18,113.31,103.3,1432.2,84.61,33.9,612.71
471,19.71,90.84,113.65,103.26,1663.27,128.07,34.88,625.42
472,20.57,89.99,113.62,103.45,1776.92,144.05,50.99,659.69
473,32.19,83.39,115.33,105.28,1410.99,36.61,0,598.48
474,25.21,85.82,114.57,104.48,1676.91,174.51,35.19,631.03
475,23.16,87.86,114.84,104.33,1510.99,171.27,34.88,627.58
476,24.61,86.41,114.42,104.02,1474.63,129.03,38.21,628.87
477,25.21,85.82,114.49,104.29,1591.3,137.34,33.39,627.36
478,23.55,87.48,114.65,104.44,1467.05,133.83,37.96,630.6
479,24.65,86.37,115.03,104.44,1487.51,166.16,33.32,635.98
480,29,85.82,115.03,104.44,1428.41,174.7,45.13,615.51
481,29.29,85.52,115.03,104.44,1443.56,175.39,46.99,612.27
482,27.63,87.18,114.91,104.18,1496.6,176.45,45.71,626.5
483,27.8,87.01,114.84,103.83,1461.75,168.79,50.29,621.54
484,28.53,103.83,114.84,104.75,1428.41,161.2,43.24,612.06
485,31.25,101.1,115.26,105.21,1720.1,165.63,46.9,624.78
486,29.12,103.23,115.41,105.59,1414.02,158.08,47.57,603.44
487,30.7,108.6,115.64,105.51,1342.8,133.18,45.56,582.1
488,31.51,107.79,116.21,107.23,1363.26,136.04,35.4,609.26
489,39.56,93.99,117.47,107.34,1576.15,22.85,0,607.53
490,30.06,105.96,115.75,104.9,1424.62,132.73,31.16,618.53
491,30.15,105.87,115.48,104.79,1385.99,131.96,34.03,611.41
492,30.61,105.4,115.29,104.63,1427.65,119.72,35.77,606.46
493,29.12,106.89,115.14,104.29,1407.96,112.9,37.11,619.39
494,30.74,105.27,115.83,105.02,1468.57,110.99,35.55,619.82
495,30.15,105.87,115.75,104.83,1373.86,107.94,40.53,609.26
496,31.17,103.27,115.41,103.99,1644.33,118.43,40.28,621.76
497,28.87,105.57,115.41,104.02,1377.65,107.87,35.09,618.96
498,30.57,103.87,115.1,103.68,1538.27,110.69,34.33,613.14
499,29.63,105.62,114.76,103.34,1482.2,99.14,37.14,644.61
500,29.29,105.96,115.33,104.71,1405.68,101.54,32.04,608.83
501,28.91,106.34,115.64,105.66,1374.62,140.62,41.53,626.07
502,29.34,105.91,116.17,106.2,1392.8,134.97,42.26,648.69
503,47.05,88.2,117.05,105.47,1273.1,38.44,0,591.4
504,45.3,89.95,117.28,105.89,1476.14,38.4,0,609.49
505,43.6,91.65,116.97,106.77,1204.91,35.47,0,650.41
506,33.38,107.96,116.29,105.82,1439.78,149.88,37.9,675.21
507,35.6,105.74,116.36,105.66,1675.4,141.57,39.09,667.45
508,38.58,102.76,118.34,107.68,1698.13,72.79,0,662.28
509,37.17,104.17,118.42,107.38,1468.57,72.6,0,654.09
510,34.83,106.51,118.19,107.04,1508.72,70.54,0,660.77
511,36.02,105.32,118.15,107,1663.27,74.05,0,653.01
512,34.66,106.68,118.19,107.19,1485.99,75.65,0,643.1
513,34.4,106.94,118.19,107.11,1517.81,75.54,34.08,657.75
514,37.47,103.87,117.89,106.62,1779.95,51.44,38.74,656.68
515,34.06,107.28,117.51,105.4,1531.45,37.72,36.9,653.23
516,34.87,106.47,117.47,105.36,1476.9,35.43,35.47,637.71
517,37.04,104.3,117.24,104.98,1744.34,23.38,35.91,652.36
518,34.87,106.47,117.2,105.82,1481.45,14.69,36.62,642.02
519,25.55,109.11,116.67,104.98,1251.13,167.19,81.42,628.88
520,24.65,110,117.05,105.89,1253.4,168.03,76.97,622.42
521,23.63,111.02,117.66,106.85,1226.89,192.39,78.04,618.75
522,25.04,109.62,117.43,106.16,1231.43,174.05,77.55,630.38
523,24.44,110.21,117.62,107.3,1224.61,166.85,80.81,628.66
524,23.72,110.94,118,107.49,1276.89,170.47,73.28,636.84
525,24.1,110.55,118.27,108.26,1227.64,165.13,79.02,647.83
526,23.84,110.81,118.65,108.98,1242.8,171.8,75.92,641.58
527,24.95,109.7,119.68,109.93,1207.19,181.68,75.59,644.38
528,25.25,109.4,119.91,109.93,1253.4,142.98,60.75,643.52
529,29.17,105.49,118.99,108.37,1253.4,172.91,90.05,642.66
530,30.09,104.64,119.18,108.41,1345.83,156.78,87.23,640.94
531,29.75,104.98,119.11,108.07,1342.8,147.37,86.65,640.08
532,30.05,104.68,119.11,107.84,1345.07,155.52,87.16,641.16
533,30.05,104.68,119.11,107.76,1343.56,153.92,87.38,641.16
534,30.13,104.59,119.41,108.41,1346.59,153.24,88.3,652.36
535,29.24,105.49,120.1,109.1,1360.23,154.19,86.41,649.99
536,29.14,109.79,120.4,109.29,1349.62,133.41,78.24,643.1
537,28.84,110.09,120.52,109.51,1352.65,143.51,91.05,642.67
538,29.05,109.87,121.7,111.57,1282.95,140.39,92.7,670.47
539,29.09,109.83,121.62,111.92,1307.95,147.82,88.36,640.73
540,19.76,120.94,123.61,103.83,1443.17,130.48,47.05,586.45
541,23.67,117.03,124.6,111.57,1412.1,139.74,38.26,584.08
542,24.78,115.92,125.4,113.25,1369.68,138.22,38.09,591.62
543,30.06,111.11,126.39,115.69,1331.04,155.64,39.55,608.2
544,34.96,106.21,126.24,115.46,1388.62,161.24,55.03,590.33
545,32.23,108.94,126.35,115.16,1383.32,148.39,43.7,590.33
546,34.66,106.51,126.16,115.08,1388.62,144.73,42.06,584.73
547,34.7,106.47,126.05,114.97,1390.89,139.47,36.27,587.53
548,35.42,108.81,126.05,115.12,1353.77,137.07,41.62,602.82
549,34.66,109.57,126.35,115.04,1362.86,147.59,36.07,600.88
550,35.04,109.19,126.01,114.89,1367.41,141.88,42.08,602.6
551,35.25,108.98,125.51,113.52,1377.25,138.86,35.9,595.28
552,34.74,109.49,125.51,113.44,1381.04,140.39,36.11,594.85
553,34.36,109.87,125.44,113.21,1384.07,136.96,34.79,594.2
554,34.91,109.32,125.28,112.98,1390.13,130.63,38,597.43
555,36.53,107.7,124.9,112.34,1399.98,120.11,33.59,595.49
556,34.79,108.38,123.61,110.16,1402.26,123.69,37.74,588.13
557,36.02,107.15,123.8,110.7,1399.23,125.48,36.98,589
558,36.02,107.15,123.61,111.12,1398.47,132.19,35.03,586.41
559,34.66,108.51,123.68,111.27,1399.23,126.82,38.24,587.7
560,34.62,108.55,123.72,111.46,1440.14,123.92,31.96,596.54
561,36.36,104.3,123,110.28,1438.62,137.57,29.44,584.51
562,35.16,100.93,122.35,109.63,1437.11,131.58,39.49,591.83
563,35.08,101.02,122.58,110.35,1442.41,139.36,39.09,584.94
564,35.54,100.55,122.5,110.93,1415.14,153.88,41.03,588.17
565,34.87,103.87,123.07,112.26,1431.05,188.54,38.14,591.58
566,33.85,104.89,123.15,112.3,1431.05,187.93,41.5,592.23
567,34.7,104.04,123.45,112.87,1335.59,194.95,36.81,601.07
568,34.32,104.42,123.53,112.79,1372.71,190.71,41.51,598.7
569,34.7,104.04,123.53,112.79,1374.98,193.19,40.55,587.7
570,33.68,105.06,123.61,112.83,1393.16,188.96,35.84,588.78
571,34.87,103.87,123.64,112.68,1435.59,196.2,38.02,595.89
572,36.45,109.7,123.72,111.46,1378.01,164.86,24.09,601.71
573,36.23,109.92,124.86,113.86,1318.92,166.24,28.89,598.91
574,35.72,110.43,124.71,113.75,1334.83,174.24,22.69,598.26
575,35.42,110.09,123.68,111.08,1394.68,167.76,30.31,607.1
576,35.3,110.21,123.8,111.57,1333.31,136.31,37.3,609.9
577,35.55,109.96,123.87,111.69,1369.68,137.15,34.79,598.26
578,34.7,110.81,123.34,111,1377.25,132.15,37.71,593.52
579,36.32,109.19,123.3,110.89,1378.01,127.96,37.97,593.74
580,35.68,99.23,122.12,109.29,1409.07,177.83,32.85,585.76
581,35.43,99.48,122.35,109.86,1462.11,164.9,37.88,605.16
582,35.77,99.14,122.42,109.93,1444.68,157.2,35.98,599.77
583,35.04,99.87,122.54,110.28,1321.19,172.72,41.33,642.45
584,35.09,99.82,123,110.35,1272.7,181.53,42.97,638.57
585,34.4,100.51,123.03,111.54,1389.38,190.79,38.62,601.28
586,34.28,100.63,123,111.57,1357.56,183.77,38.97,589
587,33.68,101.23,122.8,111.57,1371.19,197.73,39.82,592.66
588,34.53,100.38,122.69,111.54,1374.22,190.1,42.38,590.07
589,34.06,100.85,124.22,111.27,1424.23,207.53,40.55,592.88
590,33.42,101.49,122.88,111.65,1397.71,208.59,39.37,596.11
591,34.87,104.25,123.19,111.92,1415.14,226.44,42.04,589.43
592,35.13,104,123.61,112.76,1472.71,232.88,38.91,595.68
593,35.51,103.61,123.8,112.91,1470.44,222.55,41.44,597.4
594,34.96,104.17,123.87,113.06,1461.35,214.35,40.92,594.17
595,34.32,104.81,124.71,113.29,1368.16,213.05,45.39,596.57
596,25.93,113.19,124.98,113.98,1332.55,237.8,39.19,591.83
597,34.7,105.8,131.84,117.71,1349.22,118.7,43.84,614.45
598,34.75,105.75,131.99,117.9,1329.52,111.18,42.76,616.82
599,34.75,105.75,131.42,117.94,1271.19,114.54,36.1,627.58
600,35.98,96.55,129.74,114.59,1361.34,171.23,38.61,619.39
601,35.44,97.09,130.7,116.15,1380.28,173.06,37.54,618.53
602,35.03,97.49,130.77,117.86,1332.55,156.78,39.26,613.57
603,35.35,97.18,130.89,118.13,1337.1,155.64,37.54,613.14
604,34.81,97.72,130.58,117.41,1322.71,153.73,41.21,610.35
605,35.19,102.33,128.71,112.26,1333.31,162.01,47,622.2
606,34.39,107.85,128.45,112.41,1361.34,169.21,41.53,617.89
607,35.15,107.1,129.67,116.22,1354.53,163.64,39.44,619.83
608,34.39,107.85,129.74,116.64,1346.19,177.94,41.7,617.46
609,34.58,109.93,129.55,116.38,1343.92,147.75,45.68,612.51
610,34.78,110.54,129.06,117.18,1244.67,140.24,45.37,598.08
611,35.72,109.6,129.29,117.37,1261.34,147.94,40.8,597.22
612,35.68,116.54,129.29,116.91,1237.85,140.46,64.44,602.17
613,34.07,112.15,129.86,117.75,1249.22,138.6,43.81,598.08
614,34.87,111.34,130.43,118.97,1230.28,146.45,47.18,592.48
615,33.67,120.55,130.7,119.62,1228.76,174.55,43.52,595.06
616,34.87,111.34,130.89,118.59,1351.5,132.8,42.81,619.82
617,34.5,111.72,131.19,119.12,1358.31,124.6,36.66,622.62
618,36.29,105.12,131.04,117.64,1331.04,123.42,38.67,626.5
619,35.25,106.15,131.57,118.32,1349.98,119.15,43.06,621.33
620,35.28,108.18,131.19,118.02,1333.31,133.49,40.89,615.08
621,34.9,108.56,131.61,119.24,1324.22,139.59,42.11,614.21
622,35.47,107.99,131.88,119.58,1318.92,144.54,40.89,613.57
623,34.67,108.8,131.92,119.69,1317.4,143.06,40.78,611.63
624,35.19,108.28,131.95,119.58,1328.77,134.44,43.84,613.78
625,35.38,109.08,131.23,117.22,1353.77,152.21,37.19,614.66
626,35.48,108.98,131.76,118.28,1353.01,153.43,42.52,615.74
627,35.95,108.51,131.76,118.4,1350.74,138.6,40.1,615.74
628,35.15,109.32,131.84,118.44,1333.31,157.47,40.02,606.91
629,24.92,124.18,134.55,119.2,1292.4,154.3,38.08,588.78
630,21.3,122.74,135.5,120.88,1381.04,141.23,39.38,629.95
631,26.35,117.69,136.64,123.54,1787.88,138.1,40.65,729.74
632,35.07,108.97,136.11,122.82,1300.73,130.4,41.5,590.76
633,34.23,109.8,136.57,123.05,1815.16,122.93,40.93,727.94
634,35.2,108.6,135.92,122.44,1694.7,138.63,37.03,704.25
635,35.43,108.37,136,122.67,1687.12,142.49,37.86,704.68
636,34.23,109.57,137.06,124.46,1670.45,145.12,37.13,701.89
637,36.47,106.51,136.49,122.9,1666.67,198.87,25.23,696.72
638,35.31,107.67,136.72,123.47,1647.72,151.18,38.38,687.89
639,35.82,107.16,136.91,124.04,1725,148.2,38.14,691.55
640,35.22,107.76,136.17,124.46,1714.4,143.71,36.39,699.3
641,34.94,108.04,136.15,124.61,1712.12,148.74,42.58,693.49
642,35.41,107.58,136.68,124.69,1703.79,135.43,41.24,696.07
643,35.15,108.83,136.19,122.06,1715.91,168.18,39.89,695.21
644,35.29,108.69,136.8,124.08,1726.52,147.1,41.95,699.09
645,35.2,108.78,137.22,125.03,1725,146.18,39.51,696.29
646,34.32,109.67,137.29,124.76,1711.36,153.31,40.36,698.44
647,33.9,110.08,137.67,125.72,1712.12,164.71,45.24,696.29
648,36.3,112.82,137.25,126.33,1670.45,168.03,46.45,704.52
649,21.84,127.28,137.41,126.59,1653.79,186.67,45.47,710.99
650,36.81,112.31,137.98,126.48,1660.6,166.28,46.2,692.48
651,37.18,111.94,138.78,126.59,1696.21,157.35,45.06,698.08
652,36.62,112.49,138.78,125.72,1683.33,161.28,45.24,700.23
653,37,112.12,138.7,125.22,1691.67,163.07,46.82,700.45
654,21,118.8,119.34,101.78,430.23,246.41,83.82,281.73
655,14.09,125.71,120.71,101.51,509.02,273.71,91.04,296.59
656,26.8,123.94,136.99,118.93,1611.36,117.44,35.54,633.18
657,24.48,126.26,135.65,116.99,1509.84,130.06,42.03,606.48
658,26.84,123.9,135.81,117.37,1570.45,131.24,40.4,603.25
659,24.71,126.03,135.96,119.08,1579.54,135.36,35.2,613.58
660,25.36,125.38,135.54,118.47,1553.78,130.82,38.09,606.26
661,22.3,128.44,134.93,118.17,1443.92,136,36.3,620.69
662,22.9,127.84,134.78,118.09,1469.68,135.97,34.7,626.5
663,21.88,128.86,134.39,117.29,1533.32,137.83,35.78,601.1
664,21.88,128.86,134.01,117.29,1528.02,136.54,36.19,614.45
665,23.83,126.91,133.06,116.45,1524.99,140.58,34.49,597.47
666,22.81,127.93,133.02,116.72,1502.26,141.46,35.52,606.29
667,21.65,129.09,132.76,116.87,1493.93,145.99,34.59,608.65
668,23.23,127.51,130.39,111.57,1545.45,136.04,47.06,612.1
669,26.1,124.64,131.27,114.36,1585.6,132.65,35.52,609.73
670,21.7,129.04,132.41,116.68,1677.27,129.14,27.31,621.98
671,25.45,120.56,133.78,118.25,1530.29,120.53,35.8,617.24
672,25.64,120.37,134.28,118.25,1570.45,122.77,34.99,602.82
673,24.62,121.39,134.2,118.44,1558.33,120.83,36.21,606.48
674,25.68,120.33,134.17,118.82,1574.24,120.22,35.63,614.88
675,25.13,118.57,133.52,116.72,1551.51,128.61,35.72,611.86
676,26.05,128.07,134.24,118.4,1568.17,132.08,34.15,620.06
677,25.41,125.29,134.55,118.47,1512.11,129.45,35.16,602.2
678,22.25,128.44,133.56,118.13,1534.84,148.97,36.39,613.15
679,24.94,125.75,133.82,117.52,1498.47,129.18,34.64,640.5
680,23.83,126.86,133.94,117.25,1458.32,125.37,29.38,617.03
681,24.9,125.8,133.67,116.42,1468.93,121.21,31.55,621.98
682,25.73,124.96,132.07,115.39,1409.83,135.97,29.48,596.79
683,25.27,125.43,132.91,117.52,1507.57,144.58,36.4,618.32
684,24.66,126.03,132.98,117.14,1503.78,146.98,36.42,612.08
685,22.11,128.58,133.02,117.1,1514.38,143.93,38.65,630.16
686,21.05,129.65,133.37,117.44,1501.5,139.09,34.27,635.98
687,28.74,121.95,133.1,117.22,1509.84,137.83,37.53,630.59
688,30.46,120.24,133.17,117.79,1540.14,123.8,33.03,622.2
689,30.5,118.29,133.52,118.02,1461.35,116.48,35.63,625.21
690,32.27,116.53,133.56,118.21,1530.29,117.48,35.96,624.78
691,24.52,132.24,135.08,116.76,1700.76,136.08,42.94,611.23
692,27.82,128.95,136,117.44,1717.43,128,36.53,598.76
693,29.99,126.77,138.7,122.74,1772.73,143.93,31.84,614.25
694,30.55,126.22,138.86,123.09,1770.46,133.87,30.17,615.75
695,31.48,125.29,138.32,122.74,1679.54,139.97,36.34,647.81
696,30.27,126.49,138.63,123.47,1640.15,138.56,33.73,613.6
697,30.88,125.89,138.74,123.43,1678.03,143.48,31.35,612.31
698,30.04,126.73,139.01,122.74,1765.16,142.83,31.8,609.08
699,29.9,126.86,138.78,123.62,1536.35,147.17,35.6,617.9
700,29.67,126.91,138.4,122.63,1531.05,157.74,32.95,606.5
701,32.45,124.13,138.21,122.17,1623.48,132.31,30.14,618.12
702,29.72,124.27,137.29,120.95,1439.38,129.03,47.4,599.4
703,27.72,138.64,137.64,121.22,1412.86,135.55,35.69,618.12
704,29.71,127.65,137.86,121.49,1389.38,138.1,51.5,627.16
705,32.49,124.87,137.44,120.61,1662.88,142.1,34.82,618.75
706,31.62,124.27,136.38,119.08,1663.63,143.67,32.18,612.29
707,32.54,123.34,136.64,119.39,1668.18,140.54,35.08,614.23
708,35.47,120.42,137.29,120.19,1718.94,131.66,37.12,617.03
709,34.54,121.35,136.87,119.5,1659.85,137.91,32.94,611.86
710,35.09,120.79,137.29,119.92,1700,136.31,36.28,612.94
711,35.51,120.37,137.22,120.49,1713.64,140.05,35.6,621.12
712,35.05,120.84,137.25,120.34,1715.91,133.49,34.26,614.88
713,35.33,120.56,137.33,120.42,1710.61,135.7,32.46,616.81
714,35.14,120.75,137.48,119.54,1771.97,132.92,34.06,618.54
715,34.86,121.02,137.44,120.53,1740.91,136.23,36.65,620.91
716,35.93,119.96,136.95,120.61,1728.79,123.5,35.38,613.58
717,7.42,140.87,124.14,102.19,362.8,136.73,54.44,282.21
718,12.89,135.39,124.37,103.34,338.56,176.91,57.72,282.64
719,14.14,134.14,124.14,103.41,363.56,174.66,65.61,281.57
720,22.25,136.92,138.63,118.44,1735.61,148.01,38.36,608.42
721,30.32,128.86,138.74,118.55,1742.43,151.25,41.79,606.05
722,31.11,128.07,139.81,120.15,1766.67,143.44,38.75,609.92
723,29.3,129.88,140.53,120.8,1765.16,148.39,37.33,610.14
724,30.18,129,139.08,120.99,1693.94,157.16,36.86,642.22
725,29.76,129.41,139.12,120.95,1631.81,156.17,36.84,636.19
726,30.41,128.77,139.12,120.88,1636.36,154.53,37.22,633.39
727,30.5,128.67,138.09,119.12,1703.03,156.1,34.59,613.8
728,30.27,128.9,138.32,119.73,1712.88,163.72,41.89,610.35
729,30.78,128.39,138.25,119.66,1717.43,161.01,29.8,608.85
730,31.15,128.02,138.17,120.08,1714.4,152.97,35.2,606.26
