DiscYear,FieldGOR,OrigOil,OrigGas ,OrigBOE,CumProdOil,CumProdGas,CumProdBOE,RemOil,RemGas,RemBOE,WaterDepthCat,Field    name
1989,1332,1741.9,2320,2154.7,1426.6,1828,1751.9,315.3,492,402.8,DEEP,MC807
1971,4086,469.3,1917.2,810.3,459.2,1896.5,796.6,10.1,20.7,13.7,SHALLOW,EI330
1949,1653,596.7,988.5,772.5,592,975.5,765.5,4.7,13,7,SHALLOW,WD030
1956,4359,402.7,1744.5,713.1,380.8,1656.1,675.5,21.9,88.4,37.6,SHALLOW,GI043
1958,79938,46.2,3692.3,703.2,45.5,3647.1,694.5,0.7,45.2,8.7,SHALLOW,TS000
1949,1052,548.6,577.5,651.5,545.5,575.1,647.9,3.1,2.4,3.6,SHALLOW,BM002
2002,670,555.6,372.5,621.8,379,248.2,423.1,176.6,124.3,198.7,DEEP,GC640
1956,65255,47.9,3126.5,604.2,47.9,3126.5,604.2,0,0,0,SHALLOW,VR014
1998,816,502.9,410.4,575.9,360.2,239.7,402.8,142.7,170.7,173.1,ULTRA-DEEP,GC743
1956,5658,276.5,1564.2,554.8,272.7,1558.9,550.1,3.8,5.3,4.7,SHALLOW,MP041
1987,3508,305.9,1072.9,496.8,277.4,973.3,450.6,28.5,99.6,46.2,DEEP,GB426
1948,79958,32.6,2606.9,496.5,32.2,2603.9,495.6,0.4,3,0.9,SHALLOW,VR039
2002,394,458,180.3,490.1,311,123.1,332.9,147,57.2,157.2,DEEP,GC654
1960,6151,232.3,1432.7,487.2,227,1400.8,476.3,5.3,31.9,10.9,SHALLOW,SS208
1964,17021,105.2,1746.9,416.1,95.1,1550.7,371.1,10.1,196.2,45,SHALLOW,EI238
1962,2466,283.5,703.8,408.7,278.5,691.2,401.4,5,12.6,7.3,SHALLOW,WD073
2000,981,344.2,337.7,404.3,270.4,264.2,317.4,73.8,73.5,86.9,ULTRA-DEEP,MC776
1998,426,366.5,156,394.2,209.5,61.8,220.5,157,94.2,173.7,DEEP,GC826
1999,718,345.6,248.1,389.7,174.8,129,197.7,170.8,119.1,192,ULTRA-DEEP,MC778
1948,1298,310.5,402.7,382.1,307.7,397.1,378.3,2.8,5.6,3.8,SHALLOW,GI016
1967,1931,276.4,533.6,371.3,272.7,529.6,366.9,3.7,4,4.4,SHALLOW,SP061
1969,4417,198.4,876.2,354.3,196.9,874.5,352.5,1.5,1.7,1.8,SHALLOW,SP089
1962,158376,12,1898.9,349.9,12,1898.9,349.9,0,0,0,SHALLOW,ST172
1993,1064,290.2,308.9,345.2,253,273.1,301.6,37.2,35.8,43.6,ULTRA-DEEP,MC084
1961,139651,13.2,1845.8,341.7,13.2,1845.8,341.7,0,0,0,SHALLOW,WC180
1957,1648,259.9,428.2,336,259.1,427,335,0.8,1.2,1,SHALLOW,ST021
1960,5258,173,909.5,334.8,169.5,899,329.5,3.5,10.5,5.3,SHALLOW,SS169
1964,58379,28.4,1658.1,323.5,25.2,1651.5,319.1,3.2,6.6,4.4,SHALLOW,EI292
1975,4153,185.1,768.7,321.8,182.5,763,318.2,2.6,5.7,3.6,DEEP,MC194
1963,13881,92.7,1287.7,321.9,90.6,1274.6,317.4,2.1,13.1,4.5,SHALLOW,ST176
1971,17815,75.9,1351.3,316.3,73.2,1344.9,312.5,2.7,6.4,3.8,SHALLOW,EC271
1957,56112,28.7,1609,315,27.4,1606.9,313.3,1.3,2.1,1.7,SHALLOW,EC064
1961,51549,30.3,1566.3,309.1,29.4,1559.2,306.9,0.9,7.1,2.2,SHALLOW,SM048
1956,18629,71.6,1333.3,308.9,69.5,1320.5,304.5,2.1,12.8,4.4,SHALLOW,SS176
1971,118356,13.4,1581.1,294.7,13.4,1581.1,294.7,0,0,0,SHALLOW,WC587
1954,5162,153.2,791.5,294,152.3,784,291.8,0.9,7.5,2.2,SHALLOW,SP027
1956,3689,172.1,635.2,285.2,170.1,627.1,281.7,2,8.1,3.5,SHALLOW,ST135
1966,3879,168.5,650.4,284.2,165.6,640.5,279.5,2.9,9.9,4.7,SHALLOW,WD079
1971,71230,20.6,1464,281.1,20.6,1464,281.1,0,0,0,SHALLOW,EI296
1954,60168,23.6,1420.5,276.4,23.4,1416.4,275.4,0.2,4.1,1,SHALLOW,WC192
1973,7429,118.6,881,275.4,116.8,878.1,273.1,1.8,2.9,2.3,SHALLOW,HI573A
1984,3961,161.5,639.6,275.3,147.9,588.2,252.6,13.6,51.4,22.7,DEEP,GB171
2002,1877,203.4,381.8,271.4,160.1,295.4,212.7,43.3,86.4,58.7,ULTRA-DEEP,AC857
1985,8985,102.4,919.7,266,101.1,913.5,263.6,1.3,6.2,2.4,DEEP,VK956
1955,3832,157.4,604.4,264.9,154.8,594.9,260.6,2.6,9.5,4.3,SHALLOW,GI047
1980,102394,13.8,1410.1,264.7,13.8,1410.1,264.7,0,0,0,SHALLOW,MI623
2010,1211,214.3,259.6,260.5,80.9,88.4,96.6,133.4,171.2,163.9,ULTRA-DEEP,KC875
1972,11013,85.2,937.8,252,83.6,932.1,249.4,1.6,5.7,2.6,SHALLOW,SP078
2006,512,231,114.4,251.4,6.4,3.3,7,224.6,111.1,244.4,DEEP,GC468
1994,1897,182.5,346.2,244.2,180.5,344,241.8,2,2.2,2.4,DEEP,GC244
2003,245,233.4,57.2,243.5,97.1,23.8,101.3,136.3,33.4,142.2,ULTRA-DEEP,WR678
1960,39519,29.8,1176.3,239.1,29.8,1176.3,239.1,0,0,0,SHALLOW,SM023
1949,122010,10.5,1281.6,238.6,9.7,1252.8,232.6,0.8,28.8,6,SHALLOW,VR076
1962,133712,9.6,1280.8,237.5,9.4,1263.9,234.3,0.2,16.9,3.2,SHALLOW,EI266
1973,1343,191.1,256.6,236.7,189.1,254.8,234.4,2,1.8,2.3,SHALLOW,SM130
1962,3316,149.2,484.2,235.4,138.8,429.4,215.2,10.4,54.8,20.2,SHALLOW,SS230
1951,5681,116.1,659.7,233.5,114.8,653,231,1.3,6.7,2.5,SHALLOW,PL020
1963,261309,4.8,1277.4,232.2,4.8,1267.7,230.4,0,9.7,1.8,SHALLOW,SM066
1966,11946,72.1,861.7,225.5,71.4,859.6,224.4,0.7,2.1,1.1,SHALLOW,SS222
1948,5807,109.4,635,222.4,106.7,615.8,216.3,2.7,19.2,6.1,SHALLOW,ST052
1955,58554,19.4,1137.3,221.8,19,1117.2,217.8,0.4,20.1,4,SHALLOW,WC071
1955,3887,130.5,507.5,220.8,128.8,502.4,218.2,1.7,5.1,2.6,SHALLOW,SS113
1988,1354,174.8,236.4,216.8,155.6,216.2,194.1,19.2,20.2,22.7,DEEP,GC205
1974,2633,147.2,387.5,216.1,142.2,378.9,209.6,5,8.6,6.5,SHALLOW,SM128
1985,935,185.3,173.3,216.2,175.6,162.1,204.5,9.7,11.2,11.7,SHALLOW,EW873
1965,1524,168.9,257.3,214.7,166.9,253.5,212,2,3.8,2.7,SHALLOW,SP062
1981,1781,161.5,287.6,212.7,146.3,271.7,194.7,15.2,15.9,18,DEEP,VK990
1999,650,189.7,123.4,211.7,85.6,61,96.5,104.1,62.4,115.2,DEEP,GC562
1956,4309,118.2,510.3,209,115.2,490.7,202.5,3,19.6,6.5,SHALLOW,EI175
1963,3367,126.6,426.1,202.4,123.4,422,198.5,3.2,4.1,3.9,SHALLOW,EI276
1962,689,180,124,202,171,117.7,191.9,9,6.3,10.1,SHALLOW,MP299
1995,1221,164.3,200.7,200,159.9,196.6,194.9,4.4,4.1,5.1,DEEP,VK786
1991,3621,121.4,439.6,199.6,116.9,422.1,192,4.5,17.5,7.6,DEEP,GB260
1967,4272,111.4,479.4,196.7,110.3,473.7,194.6,1.1,5.7,2.1,SHALLOW,SS207
1963,3031,127.7,387.1,196.6,120.2,380.8,188,7.5,6.3,8.6,SHALLOW,SM073
1949,16946,48.8,827.1,195.9,46.1,824.2,192.7,2.7,2.9,3.2,SHALLOW,EI032
1973,11170,65.6,732.9,196,64.8,726.5,194,0.8,6.4,2,SHALLOW,SM269
1973,999999,0.2,1095.4,195.1,0.2,1095.4,195.1,0,0,0,SHALLOW,WC533
2014,1023,164.6,168.4,194.6,4.4,10.2,6.2,160.2,158.2,188.4,DEEP,MC768
1974,659433,1.6,1059.8,190.2,1.6,1059.8,190.2,0,0,0,SHALLOW,WC617
1949,39888,23.4,934.1,189.6,23.3,932.3,189.2,0.1,1.8,0.4,SHALLOW,WC045
1950,1666,145.6,242,188.7,141.4,235,183.2,4.2,7,5.5,SHALLOW,EI126
1970,82235,12.1,991.3,188.4,12.1,991.3,188.4,0,0,0,SHALLOW,GI095
2004,234,177.8,40.9,185,45.8,10.7,47.7,132,30.2,137.3,ULTRA-DEEP,WR759
1999,7612,77,586.6,181.5,74.7,558.3,174.1,2.3,28.3,7.4,DEEP,EB602
1972,103335,9.1,947.7,177.8,9.1,945.8,177.4,0,1.9,0.4,SHALLOW,EC334
1989,1612,134.5,218.6,173.3,121.4,169.8,151.6,13.1,48.8,21.7,DEEP,GC158
1974,24551,31.9,782.9,171.2,31.2,780.8,170.1,0.7,2.1,1.1,SHALLOW,HI563A
1949,38612,21.4,828,168.8,21.4,827.5,168.7,0,0.5,0.1,SHALLOW,SS028
1968,9822,61,599.6,167.7,59.9,597.2,166.2,1.1,2.4,1.5,SHALLOW,MC311
1973,555487,1.7,930.9,167.3,1.7,924,166.1,0,6.9,1.2,SHALLOW,BA133A
1994,2418,116.6,282,166.8,106.7,245.5,150.4,9.9,36.5,16.4,DEEP,GB387
1993,4185,95,397.6,165.7,69.5,325.6,127.4,25.5,72,38.3,DEEP,VK915
1986,5649,82.6,466.5,165.6,62,388.4,131.1,20.6,78.1,34.5,DEEP,MC546
1955,5731,80.8,463.3,163.3,78.4,455.2,159.4,2.4,8.1,3.9,SHALLOW,ST054
1983,1711,124.6,213,162.4,122.8,208.8,159.9,1.8,4.2,2.5,DEEP,GC065
1983,999999,0.2,910.1,162.1,0.2,896.1,159.6,0,14,2.5,SHALLOW,MO823
1967,1062,134.2,142.6,159.6,133.6,141.7,158.8,0.6,0.9,0.8,SHALLOW,SP065
1967,735,139,102.3,157.2,137.3,101.3,155.3,1.7,1,1.9,SHALLOW,MP144
1974,3483,96.9,337.6,157,94,329.5,152.6,2.9,8.1,4.4,SHALLOW,ST037
1964,99019,8.4,834.4,156.9,8.4,834.4,156.9,0,0,0,SHALLOW,MP006
1962,11280,51.8,584.2,155.7,49,538.5,144.8,2.8,45.7,10.9,SHALLOW,VR245
1986,660317,1.3,864.9,155.2,1.3,864.9,155.2,0,0,0,ULTRA-DEEP,MC731
1980,318095,2.7,849.7,153.9,2.7,839.6,152.1,0,10.1,1.8,SHALLOW,MI668
1971,43785,17.3,757.8,152.2,17,757,151.7,0.3,0.8,0.5,SHALLOW,EI306
1959,4086,87.3,355.5,150.5,86.3,349.3,148.4,1,6.2,2.1,SHALLOW,GI041
1973,12844,45.7,586.7,150,45.4,586.4,149.7,0.3,0.3,0.3,SHALLOW,EI342
1987,1072,125.4,134.5,149.4,119.8,126.3,142.3,5.6,8.2,7.1,ULTRA-DEEP,MC383
1999,925,126.1,116.7,146.8,101,98.2,118.5,25.1,18.5,28.3,DEEP,GC644
1974,16276,37.6,612.5,146.7,37.4,609.3,145.9,0.2,3.2,0.8,SHALLOW,HI571A
1973,999999,0.6,814.7,145.5,0.6,814.7,145.5,0,0,0,SHALLOW,HI370A
1989,4211,82.4,347.2,144.3,71,320.5,128.1,11.4,26.7,16.2,ULTRA-DEEP,MC522
1977,1145,117.9,135,142,114.8,131.4,138.2,3.1,3.6,3.8,SHALLOW,MP311
1963,4182,78.4,334.9,138,78.3,326.9,136.5,0.1,8,1.5,SHALLOW,WD117
1960,42698,16,683.2,137.6,16,683.2,137.6,0,0,0,SHALLOW,GA288
1963,6626,62.8,417,137.1,61.2,406.3,133.6,1.6,10.7,3.5,SHALLOW,WD105
1966,42393,15.7,668,134.7,15.3,658.9,132.6,0.4,9.1,2.1,SHALLOW,SS246
1980,1662,103.6,172.2,134.2,102.4,170.9,132.8,1.2,1.3,1.4,SHALLOW,GC019
1999,820,116.9,95.9,134,96.6,81.3,111.1,20.3,14.6,22.9,ULTRA-DEEP,MC773
1963,12209,42.1,513.6,133.5,39.3,500.8,128.4,2.8,12.8,5.1,SHALLOW,SS274
1957,20234,29,586.8,133.4,28.7,577.4,131.5,0.3,9.4,1.9,SHALLOW,WC066
1955,1995,98.2,196,133.1,97.4,194,131.9,0.8,2,1.2,SHALLOW,SS154
1970,11540,43.2,498.2,131.8,42.8,497.9,131.3,0.4,0.3,0.5,SHALLOW,EI258
1975,3272,82.4,271.8,130.7,81.2,261.9,127.8,1.2,9.9,2.9,SHALLOW,WD109
1974,175292,4.2,711.5,130.7,4,699.7,128.5,0.2,11.8,2.2,SHALLOW,EI057
1960,58681,11.4,667.9,130.3,11.2,660.6,128.8,0.2,7.3,1.5,SHALLOW,VR131
1949,43051,15,646.4,130,15,646.4,130,0,0,0,SHALLOW,WD027
1971,129933,5.4,700.1,130,5.4,700.1,130,0,0,0,SHALLOW,VR320
1958,3703,78.1,290,129.8,74.7,280.4,124.6,3.4,9.6,5.2,SHALLOW,EI208
1971,9754,47.2,460.1,129.1,44.9,453.8,125.6,2.3,6.3,3.5,SHALLOW,SM115
1974,2720,86.8,236,128.8,85.4,228.6,126.1,1.4,7.4,2.7,SHALLOW,SP049
1963,298723,2.4,706.7,128.1,2.4,706.7,128.1,0,0,0,SHALLOW,EI273
1960,152696,4.4,676.9,124.9,4.4,676.9,124.9,0,0,0,SHALLOW,EC033
1964,23673,23.8,564.1,124.2,23.8,564.1,124.2,0,0,0,SHALLOW,VR255
1954,96402,6.6,641.7,120.8,6.6,627.7,118.3,0,14,2.5,SHALLOW,EC071
1964,42261,14.1,598.1,120.5,13.7,591.2,118.9,0.4,6.9,1.6,SHALLOW,SM107
2012,2895,79.1,228.9,119.8,39.2,81.2,53.7,39.9,147.7,66.1,ULTRA-DEEP,MC300
1964,161948,4,644.8,118.7,3.8,619.2,113.9,0.2,25.6,4.8,SHALLOW,WC017
1984,53826,11,597.4,117.2,10.7,552.7,109,0.3,44.7,8.2,DEEP,VK783
1956,3959,69,265.4,116.3,60.9,236,102.9,8.1,29.4,13.4,SHALLOW,EI188
1967,1128,96.4,108.7,115.7,96.4,108.7,115.7,0,0,0,SHALLOW,MP306
1961,28213,19.1,540.9,115.4,18.9,540.6,115.1,0.2,0.3,0.3,SHALLOW,EI205
1963,5269,59.4,312.8,115,59.4,312.8,115,0,0,0,SHALLOW,WD041
1954,148823,4.1,615.7,113.7,3.9,598.4,110.4,0.2,17.3,3.3,SHALLOW,WC110
2001,777,98,76.1,111.6,79.8,61.1,90.7,18.2,15,20.9,ULTRA-DEEP,MC696
1971,1863,83.7,156,111.5,82,154,109.4,1.7,2,2.1,SHALLOW,EC321
1994,1436,88.5,127.1,111.1,75.9,100,93.7,12.6,27.1,17.4,DEEP,MC935
1972,4930,59.1,291.8,111.1,57.8,276.9,107.1,1.3,14.9,4,SHALLOW,EC338
1958,4495,61.1,274.8,110,59.8,274,108.6,1.3,0.8,1.4,SHALLOW,ST131
1973,2058,78.9,162.4,107.8,74.6,149.8,101.2,4.3,12.6,6.6,SHALLOW,EI361
1976,150282,3.9,582.5,107.5,3.9,581.4,107.3,0,1.1,0.2,SHALLOW,HI179
1997,1371,86.4,118.4,107.4,84.2,100,102,2.2,18.4,5.4,DEEP,EB643
1997,1096,89,97.6,106.4,80,90.2,96.1,9,7.4,10.3,DEEP,AC025
1976,3773,63.7,240.2,106.4,63.7,240.2,106.4,0,0,0,DEEP,MC281
1975,4839,57.1,276.4,106.3,53.2,264.2,100.3,3.9,12.2,6,SHALLOW,MP073
1983,990,90,91.4,106.2,86.2,85.1,101.3,3.8,6.3,4.9,DEEP,MC109
1963,35806,14.3,510.8,105.2,14.3,510.8,105.2,0,0,0,SHALLOW,VR250
1997,2829,69.5,191.5,103.5,58.9,170,89.1,10.6,21.5,14.4,ULTRA-DEEP,MC607
1998,1089,86.2,93.9,102.9,70.9,79.4,85,15.3,14.5,17.9,DEEP,MC582
1962,8416,40.9,344.3,102.2,39.6,333,98.9,1.3,11.3,3.3,SHALLOW,SS253
1971,44241,11.5,508.2,101.9,11.5,508.2,101.9,0,0,0,SHALLOW,WC146
1971,84202,6.3,534.4,101.4,6.3,534.4,101.4,0,0,0,SHALLOW,EC231
1963,38871,12.8,497.2,101.3,12.7,495.1,100.8,0.1,2.1,0.5,SHALLOW,ST190
1961,327722,1.7,552.5,100,1.7,552.5,100,0,0,0,SHALLOW,HI160
1987,8708,38.1,330.9,96.9,29.8,273.8,78.5,8.3,57.1,18.4,ULTRA-DEEP,MC657
1998,1368,77.2,105.5,95.9,55.1,70.8,67.7,22.1,34.7,28.2,DEEP,MC899
1973,14419,26.8,386,95.4,26.3,385.2,94.8,0.5,0.8,0.6,SHALLOW,SM137
1963,261246,2,524.4,95.3,2,517.3,94,0,7.1,1.3,SHALLOW,EC265
1965,70314,7,493.8,94.9,7,493.8,94.9,0,0,0,SHALLOW,VR218
1984,1421,74.6,109.7,94.2,61.3,88.1,77,13.3,21.6,17.2,DEEP,GC236
1980,47747,9.8,469.6,93.3,9.2,414.3,82.9,0.6,55.3,10.4,SHALLOW,EI024
1983,46590,10,465.1,92.7,10,433.7,87.1,0,31.4,5.6,SHALLOW,SP083
1999,4077,53.7,219,92.7,25.9,143.7,51.5,27.8,75.3,41.2,ULTRA-DEEP,MC252
1975,13632,26.7,363.6,91.3,26.2,358.2,89.9,0.5,5.4,1.4,SHALLOW,ST036
1967,2363,64,151.4,91,63.3,150.4,90.1,0.7,1,0.9,SHALLOW,MP290
1975,368340,1.3,497.2,89.8,1.3,497.2,89.8,0,0,0,SHALLOW,MI619
1976,999999,0,504.7,89.8,0,504.7,89.8,0,0,0,SHALLOW,GB236
1982,5687,44.4,252.4,89.4,43.8,250.3,88.4,0.6,2.1,1,SHALLOW,SM236
2005,385,84.6,26.3,89.2,0.4,0.1,0.4,84.2,26.2,88.8,ULTRA-DEEP,WR029
1974,28065,14.8,415.7,88.8,14.8,415.7,88.8,0,0,0,SHALLOW,HI334A
1973,186684,2.6,479.9,88,2.6,479.9,88,0,0,0,SHALLOW,WC643
1983,11682,28.5,333.5,87.9,27.3,329.1,85.9,1.2,4.4,2,SHALLOW,GA209
1995,1218,72,87.7,87.6,64.4,78.8,78.4,7.6,8.9,9.2,ULTRA-DEEP,MC429
1962,6457,40.7,262.9,87.5,40.5,256.4,86.1,0.2,6.5,1.4,SHALLOW,SM006
1985,1835,65.3,120,86.6,54.2,98.8,71.8,11.1,21.2,14.8,DEEP,GC254
1973,98605,4.6,459.2,86.4,4.6,458.2,86.2,0,1,0.2,SHALLOW,HI111
1971,324661,1.5,473,85.6,1.5,473,85.6,0,0,0,SHALLOW,WC639
1974,24241,15.9,385.2,84.5,15.8,384.8,84.3,0.1,0.4,0.2,SHALLOW,VR050
1968,55438,7.6,424,83.1,7.1,420.2,81.9,0.5,3.8,1.2,SHALLOW,EI322
1955,1594,63.9,101.9,82,63.9,101.9,82,0,0,0,SHALLOW,EI128
1957,1737,62.4,108.3,81.6,62.3,108.2,81.5,0.1,0.1,0.1,SHALLOW,SS107
1960,5944,39.2,236.3,81.3,38.6,232.2,79.9,0.6,4.1,1.4,SHALLOW,EI100
1990,22334,16.1,360,80.2,16.1,360,80.2,0,0,0,DEEP,EB945
1955,94170,4.5,423,79.8,4.5,423,79.8,0,0,0,SHALLOW,EC062
1987,1923,59.1,113.7,79.3,59.1,113.7,79.3,0,0,0,DEEP,VK825
1982,45109,8.8,395.3,79.1,8.7,388.3,77.8,0.1,7,1.3,SHALLOW,MC397
2000,5662,38.9,220.4,78.2,36.9,217.4,75.6,2,3,2.6,DEEP,GB668
2008,1596,54.7,129.7,77.8,15.6,25.1,20.1,39.1,104.6,57.7,ULTRA-DEEP,MC948
1973,13964,22.2,309.6,77.3,22.2,309.6,77.3,0,0,0,SHALLOW,HI474A
1971,417395,1.1,427.9,77.2,0.9,420.3,75.7,0.2,7.6,1.5,SHALLOW,BA105A
1984,78254,5.1,402,76.7,5.1,402,76.7,0,0,0,SHALLOW,EC299
1974,128149,3.2,410.9,76.3,3.2,410.9,76.3,0,0,0,SHALLOW,SM243
1979,77048,5.2,399.7,76.4,5.2,388.3,74.3,0,11.4,2.1,SHALLOW,WD086
1971,6903,33.9,234,75.5,32.3,203.3,68.4,1.6,30.7,7.1,SHALLOW,VR214
1973,18670,17.4,325.5,75.4,17.4,324.6,75.2,0,0.9,0.2,SHALLOW,EI333
1976,296006,1.4,413,74.9,1.4,413,74.9,0,0,0,SHALLOW,WC237
1995,778,64.4,50.1,73.3,40.2,32.5,46,24.2,17.6,27.3,ULTRA-DEEP,AT575
1985,6543,33.8,221.3,73.2,33.3,219.4,72.3,0.5,1.9,0.9,SHALLOW,SM239
1966,50810,7.3,370.3,73.2,7.3,370.3,73.2,0,0,0,SHALLOW,ST196
1956,20444,15.7,321.4,72.9,15.7,321.4,72.9,0,0,0,SHALLOW,ST086
1966,46269,7.9,364,72.6,7.9,364,72.6,0,0,0,SHALLOW,CP000
2000,828,63.1,52.3,72.4,59.3,49.5,68.1,3.8,2.8,4.3,SHALLOW,MP061
1982,29948,11.3,339.9,71.8,11.3,339.9,71.8,0,0,0,SHALLOW,VR024
1948,9649,26.2,254.5,71.6,25.8,251.5,70.6,0.4,3,1,SHALLOW,SS072
1963,108771,3.5,381.6,71.4,3.4,374.7,70.1,0.1,6.9,1.3,SHALLOW,SM079
1977,114199,3.3,381.9,71.3,3.3,381.9,71.3,0,0,0,SHALLOW,WC205
1949,55076,6.6,362.2,71,6.6,362.2,71,0,0,0,SHALLOW,EI077
1968,69476,5.3,369,71,5.3,369,71,0,0,0,SHALLOW,WD035
1980,5939,34.4,204.1,70.7,33.2,188.2,66.6,1.2,15.9,4.1,SHALLOW,EW305
1991,182255,2.1,384.4,70.5,2.1,382,70.1,0,2.4,0.4,SHALLOW,WC076
1977,562422,0.7,391.3,70.3,0.7,391.3,70.3,0,0,0,DEEP,MC354
1965,12545,21.7,272.7,70.3,21.1,265.7,68.4,0.6,7,1.9,SHALLOW,SM009
1978,999999,0.2,392,70,0.2,392,70,0,0,0,SHALLOW,BA020A
2005,159,67.8,10.7,69.7,16.4,2.5,16.9,51.4,8.2,52.8,ULTRA-DEEP,WR508
1981,3879,41.7,158,69.8,36.4,138.9,61.1,5.3,19.1,8.7,DEEP,GC184
1972,916565,0.4,387.8,69.4,0.4,387,69.3,0,0.8,0.1,SHALLOW,SS113A
1957,4992,36.7,183.2,69.3,36.7,183.2,69.3,0,0,0,SHALLOW,VR120
1960,737496,0.5,384,68.9,0.5,382.4,68.6,0,1.6,0.3,SHALLOW,SS158
1974,6460,31.8,205.3,68.3,31.5,204.1,67.8,0.3,1.2,0.5,SHALLOW,VR331
1966,9348,25.3,236.7,67.4,24.4,233.2,65.9,0.9,3.5,1.5,SHALLOW,VR265
1972,145552,2.5,362.8,67.1,2.5,361.2,66.8,0,1.6,0.3,SHALLOW,GI076
1948,11923,21.1,252,66,21.1,252,66,0,0,0,SHALLOW,EI045
1984,3254,41.8,136,66,40.4,130.9,63.7,1.4,5.1,2.3,SHALLOW,ST295
1979,7602,27.9,212.2,65.6,27.7,211.7,65.3,0.2,0.5,0.3,SHALLOW,MP151
1960,180975,1.9,353.9,64.9,1.9,352.2,64.6,0,1.7,0.3,SHALLOW,WC294
1972,4110,37.5,154,64.9,36.8,153.4,64.1,0.7,0.6,0.8,SHALLOW,MP140
2007,95,63.3,6,64.3,17.3,1.8,17.6,46,4.2,46.7,ULTRA-DEEP,WR627
1949,81428,4.1,337.1,64.1,4.1,337.1,64.1,0,0,0,SHALLOW,WC149
2001,1017,54.1,55,63.9,42.4,42.1,49.9,11.7,12.9,14,DEEP,GC339
1977,999999,0.1,357.8,63.7,0.1,357.8,63.7,0,0,0,SHALLOW,MI665
1973,4143,36.5,151.1,63.4,36.3,150.1,63,0.2,1,0.4,SHALLOW,SS291
1993,1953,47.1,91.9,63.4,37.3,74.4,50.5,9.8,17.5,12.9,SHALLOW,SS349
1970,28677,10.3,296.6,63.1,10.1,295.9,62.8,0.2,0.7,0.3,SHALLOW,MP133
1958,98411,3.4,334.6,62.9,3.4,334.6,62.9,0,0,0,SHALLOW,HI140
1985,71688,4.6,327.6,62.8,4.5,326.2,62.5,0.1,1.4,0.3,SHALLOW,HI196
2003,3241,39.7,128.8,62.7,27.8,71.1,40.5,11.9,57.7,22.2,DEEP,MC682
1988,14362,17.6,252.4,62.5,17.6,252.4,62.5,0,0,0,SHALLOW,GB189
1990,1873,36,146.8,62.1,28.7,54.2,38.3,7.3,92.6,23.8,DEEP,MC243
1999,2956,40.4,119.4,61.7,37.8,102.2,56,2.6,17.2,5.7,DEEP,GB783
1974,8100,25.2,204.3,61.6,25.2,204.3,61.6,0,0,0,SHALLOW,HI537A
2000,905,53,47.9,61.4,14.2,20.6,17.8,38.8,27.3,43.6,DEEP,EW878
1974,50770,6.1,309.3,61.1,6,308.1,60.8,0.1,1.2,0.3,SHALLOW,HI552A
1960,161219,2.1,331.3,61,2.1,331.3,61,0,0,0,SHALLOW,WC165
1949,12563,18.6,233.3,60.1,18.6,233.3,60.1,0,0,0,SHALLOW,EI089
1974,363310,0.9,331,59.8,0.9,331,59.8,0,0,0,SHALLOW,HI309A
1967,58696,5.2,306.1,59.7,5.2,306.1,59.7,0,0,0,SHALLOW,SS259
1975,259290,1.3,328.6,59.7,1.3,328.6,59.7,0,0,0,SHALLOW,MC148
1975,40040,7.3,291.5,59.2,7.3,291.5,59.2,0,0,0,SHALLOW,EI385
1965,13141,17.7,232.1,59,17.4,231.9,58.7,0.3,0.2,0.3,SHALLOW,SS239
1966,21883,12,263.9,59.1,11.7,258.8,57.8,0.3,5.1,1.3,SHALLOW,SM142
1974,999999,0,331.8,59,0,331.8,59,0,0,0,SHALLOW,HI343A
1965,432699,0.7,322.7,58.2,0.7,322.7,58.2,0,0,0,SHALLOW,WC280
1974,77919,3.9,304.3,58,3.9,304.3,58,0,0,0,SHALLOW,EI380
1989,870,49.9,43.5,57.7,45.6,40.3,52.8,4.3,3.2,4.9,DEEP,EW921
1964,4746,31.2,148,57.5,30.2,146.4,56.2,1,1.6,1.3,SHALLOW,VR273
1962,49478,5.7,286,56.6,5.3,267.6,52.9,0.4,18.4,3.7,SHALLOW,MP108
1973,118386,2.5,300.9,56.1,2.1,269.1,50,0.4,31.8,6.1,SHALLOW,WC507
1979,58976,4.9,287.2,56,4.9,287.2,56,0,0,0,SHALLOW,EI108
1961,117794,2.5,299.6,55.9,2.4,295.2,55,0.1,4.4,0.9,SHALLOW,SS189
1962,7135,24.6,175.4,55.8,24.4,174.1,55.4,0.2,1.3,0.4,SHALLOW,PL023
1998,14922,15.1,226,55.4,13.8,212.8,51.7,1.3,13.2,3.7,SHALLOW,GI116
1974,591121,0.5,306.1,55,0.5,303.6,54.5,0,2.5,0.5,SHALLOW,HI368A
1997,1522,43.2,65.7,54.9,42,64,53.4,1.2,1.7,1.5,DEEP,GC112
1963,144351,2,294.9,54.5,2,294.9,54.5,0,0,0,SHALLOW,EC089
1974,248291,1.2,295.4,53.8,1.2,295.4,53.8,0,0,0,SHALLOW,HI330A
1974,149019,2,291.5,53.8,2,291.5,53.8,0,0,0,SHALLOW,HI467A
1971,26530,9.4,248.1,53.5,7.7,243.8,51.1,1.7,4.3,2.4,SHALLOW,WC543
1988,999999,0,300.1,53.5,0,276.7,49.3,0,23.4,4.2,SHALLOW,MO904
1984,2909,34.9,101.5,52.9,33.3,97.8,50.7,1.6,3.7,2.2,SHALLOW,EB165
1972,276774,1,289.8,52.6,1,289.8,52.6,0,0,0,SHALLOW,WC576
1976,999999,0.2,294.1,52.6,0.2,294.1,52.6,0,0,0,SHALLOW,MU757
1957,8073,21.5,173.3,52.2,20.3,157.9,48.3,1.2,15.4,3.9,SHALLOW,VR164
1985,18309,12.3,224.9,52.3,12.3,224.9,52.3,0,0,0,DEEP,GC072
1975,999999,0,293.3,52.2,0,293.3,52.2,0,0,0,SHALLOW,HI302A
2004,1220,42.8,52.1,52.1,24.8,34.1,30.9,18,18,21.2,ULTRA-DEEP,AC859
1968,4968,27.6,137.1,52,27.4,136.4,51.7,0.2,0.7,0.3,SHALLOW,WD152
1947,11330,16.6,198.2,51.9,15.2,170.7,45.6,1.4,27.5,6.3,SHALLOW,SS032
1974,8846,20.1,178,51.8,19,176.3,50.4,1.1,1.7,1.4,SHALLOW,VR380
1976,136566,2,278.3,51.6,2,271.3,50.3,0,7,1.3,SHALLOW,MU085A
1985,3312,32.3,106.8,51.2,29.2,89.7,45.1,3.1,17.1,6.1,SHALLOW,EW826
1963,9931,18.5,183.7,51.1,18,178.4,49.7,0.5,5.3,1.4,SHALLOW,VR215
1956,94265,2.9,271.1,51.1,2.9,271.1,51.1,0,0,0,SHALLOW,VR046
1968,29471,8.1,239.8,50.8,8.1,235.5,50,0,4.3,0.8,SHALLOW,EC014
1980,233908,1.2,278.8,50.8,1.2,278.8,50.8,0,0,0,SHALLOW,SA017
1974,571547,0.5,282.3,50.7,0.5,282.3,50.7,0,0,0,SHALLOW,HI340A
1975,49486,5.2,255.2,50.6,4.7,247,48.6,0.5,8.2,2,SHALLOW,HI545A
1979,275675,1,277.1,50.3,1,277.1,50.3,0,0,0,SHALLOW,MI527
1985,36711,6.6,242.2,49.7,6.6,242.2,49.7,0,0,0,DEEP,GC116
1969,46411,5.4,249.1,49.7,5.1,235.1,46.9,0.3,14,2.8,SHALLOW,EI064
1973,317704,0.8,269.2,48.8,0.8,269.2,48.8,0,0,0,SHALLOW,WC620
2003,999999,0.1,272.1,48.5,0.1,272.1,48.5,0,0,0,ULTRA-DEEP,DC621
1978,366297,0.7,267.7,48.4,0.7,267.7,48.4,0,0,0,SHALLOW,MU031A
1975,6504,22.3,144.9,48.1,21.7,137.2,46.1,0.6,7.7,2,SHALLOW,HI376A
1997,8812,18.5,163.2,47.6,17.9,158.9,46.2,0.6,4.3,1.4,SHALLOW,MP280
1976,12588,14.6,184.6,47.5,14.5,181.8,46.9,0.1,2.8,0.6,SHALLOW,EB158
1990,49135,4.8,237.4,47.1,4.8,235.9,46.8,0,1.5,0.3,SHALLOW,MP259
2008,155036,1.6,253.2,46.7,1.6,253.2,46.7,0,0,0,ULTRA-DEEP,KC964
2001,451105,0.6,258.6,46.6,0.6,258.6,46.6,0,0,0,DEEP,EB579
1982,492353,0.5,256.7,46.2,0.5,256.7,46.2,0,0,0,SHALLOW,MI681
1977,30340,7.1,218.1,45.9,7,213,44.9,0.1,5.1,1,SHALLOW,EI136
2001,1074,38.5,41.2,45.9,30.2,33.3,36.2,8.3,7.9,9.7,DEEP,GC680
1981,893,39.6,35.4,45.9,37.4,33.1,43.3,2.2,2.3,2.6,SHALLOW,MP310
1984,286767,0.9,251.5,45.6,0.9,251.5,45.6,0,0,0,SHALLOW,ST206
1957,67556,3.4,234.6,45.2,3.4,231.2,44.6,0,3.4,0.6,SHALLOW,EI053
1984,158219,1.5,244.3,45,1.5,244.3,45,0,0,0,SHALLOW,WC196
1974,26401,7.9,208.3,44.9,7.8,208.2,44.8,0.1,0.1,0.1,SHALLOW,SM146
1979,79105,3,235.3,44.9,3,235.3,44.9,0,0,0,SHALLOW,SA010
1981,48125,4.7,226,44.9,4.7,226,44.9,0,0,0,SHALLOW,EI240
1999,1501,35.4,53.1,44.9,33.6,50.4,42.6,1.8,2.7,2.3,DEEP,GB559
1984,15183,12.1,183.4,44.7,12.1,183.4,44.7,0,0,0,SHALLOW,GI102
2003,999999,0.1,250.7,44.7,0.1,250.7,44.7,0,0,0,ULTRA-DEEP,AT349
1959,48166,4.7,224.7,44.6,4.7,224.7,44.6,0,0,0,SHALLOW,HI052
1966,682537,0.4,247.6,44.4,0.4,247.6,44.4,0,0,0,SHALLOW,EC261
1954,14740,12.3,180.8,44.4,12.3,180.8,44.4,0,0,0,SHALLOW,WD058
1966,42832,5.1,220.3,44.4,5.1,219.6,44.2,0,0.7,0.2,SHALLOW,VR310
2001,1214,36.5,44.3,44.4,33.9,33.9,39.9,2.6,10.4,4.5,DEEP,GC243
1978,7247,19.3,140,44.2,19.3,140,44.2,0,0,0,SHALLOW,HI448A
1967,5824,21.8,124.4,44,19.5,120,40.9,2.3,4.4,3.1,SHALLOW,WD112
1985,11978,14.1,168.1,44,14,168,43.9,0.1,0.1,0.1,SHALLOW,GC006
1947,258285,0.9,234.2,42.6,0.9,228.7,41.6,0,5.5,1,SHALLOW,VR071
1977,19794,9.4,186.3,42.6,9.2,183.4,41.9,0.2,2.9,0.7,SHALLOW,WC498
1981,999999,0.2,236.3,42.3,0.2,236.3,42.3,0,0,0,SHALLOW,VR221
1979,498192,0.5,234.6,42.2,0.5,234.6,42.2,0,0,0,SHALLOW,MI703
1973,22274,8.4,187.7,41.8,8.1,180.9,40.3,0.3,6.8,1.5,SHALLOW,VR370
1963,999999,0,233.9,41.6,0,233.9,41.6,0,0,0,SHALLOW,EC245
1986,53588,3.8,204.8,40.3,3.8,204.8,40.3,0,0,0,SHALLOW,VK780
2003,140,39.4,5.5,40.3,25.1,3.5,25.7,14.3,2,14.6,ULTRA-DEEP,WR469
1968,871695,0.3,224.5,40.2,0.3,224.5,40.2,0,0,0,SHALLOW,BA070A
1973,4299,22.7,97.6,40.1,21.4,96.8,38.6,1.3,0.8,1.5,SHALLOW,EC322
1976,177487,1.2,218.5,40.1,1.2,218.5,40.1,0,0,0,SHALLOW,WC198
2009,437,37.1,16.2,40.1,26.9,12.1,29.1,10.2,4.1,11,ULTRA-DEEP,GC859
1972,0,0,224.2,39.9,0,224.2,39.9,0,0,0,SHALLOW,SS343
1973,848522,0.3,222.3,39.8,0.3,222.3,39.8,0,0,0,SHALLOW,WC480
1963,26273,7.1,184.4,39.8,6.9,183.5,39.5,0.2,0.9,0.3,SHALLOW,SM038
1976,2086,29,60.3,39.7,26.2,52.5,35.5,2.8,7.8,4.2,SHALLOW,EI341
1973,70176,3,205.2,39.5,2.8,203.5,39,0.2,1.7,0.5,SHALLOW,SM249
1990,32024,5.9,188,39.3,5.9,188,39.3,0,0,0,DEEP,MC211
1965,2680,26.4,70.1,38.8,24.7,68.7,36.9,1.7,1.4,1.9,SHALLOW,SS299
1976,36382,5.2,189,38.8,5.2,189,38.8,0,0,0,SHALLOW,VR159
1987,1563,30,46.9,38.3,29.5,46.3,37.7,0.5,0.6,0.6,DEEP,GC110
1978,10445,13.4,139.9,38.3,13.4,139.9,38.3,0,0,0,SHALLOW,EC046
1982,379537,0.6,211.3,38.2,0.6,211.3,38.2,0,0,0,SHALLOW,HI006A
2004,999999,0.1,210.8,37.6,0.1,210.8,37.6,0,0,0,ULTRA-DEEP,LL399
1988,78979,2.5,195.7,37.3,2.5,195.7,37.3,0,0,0,SHALLOW,WC109
1983,392639,0.5,206.3,37.2,0.5,204.6,36.9,0,1.7,0.3,SHALLOW,HI022
1993,999999,0.1,207.9,37.1,0.1,207.9,37.1,0,0,0,SHALLOW,MU805
2001,3395,22.9,77.9,36.8,22.7,77.6,36.5,0.2,0.3,0.3,DEEP,VK962
1973,63377,3,189.8,36.8,3,189.8,36.8,0,0,0,SHALLOW,HI327A
1958,45355,4,183.6,36.7,4,183.6,36.7,0,0,0,SHALLOW,WC068
1984,55077,3.4,186.7,36.6,3.4,186.7,36.6,0,0,0,SHALLOW,HI020A
1976,8157,14.9,121.6,36.5,14.9,119.9,36.2,0,1.7,0.3,SHALLOW,PL013
1958,18890,8.3,157.7,36.4,8.3,157.7,36.4,0,0,0,SHALLOW,EI198
1984,132550,1.5,195.2,36.2,1.5,195.2,36.2,0,0,0,SHALLOW,HI116
1978,149454,1.3,195.8,36.1,1.3,195.8,36.1,0,0,0,SHALLOW,MI686
1966,115959,1.7,193.5,36.1,1.5,177.4,33.1,0.2,16.1,3,SHALLOW,EI231
1963,5857,17.7,103.4,36.1,16.9,94.5,33.7,0.8,8.9,2.4,SHALLOW,SM041
1978,5173,18.8,97.1,36,18.8,97.1,36,0,0,0,SHALLOW,ST300
1999,863086,0.2,201.2,36,0.2,201.2,36,0,0,0,ULTRA-DEEP,MC305
1987,999999,0.2,200.6,35.9,0.2,200.6,35.9,0,0,0,SHALLOW,MI587
1963,18327,8.4,154.3,35.8,6.9,131.9,30.3,1.5,22.4,5.5,SHALLOW,VR191
1974,492026,0.4,197.5,35.5,0.4,197.5,35.5,0,0,0,SHALLOW,HI317A
1969,547606,0.4,196.6,35.3,0.4,196.6,35.3,0,0,0,SHALLOW,BA076A
1971,196940,1,192.5,35.2,1,192.5,35.2,0,0,0,SHALLOW,WC504
1987,432436,0.4,194.1,35,0.4,192.9,34.8,0,1.2,0.2,SHALLOW,MI519
1970,110503,1.7,186.9,35,1.7,186.9,35,0,0,0,SHALLOW,ST185
1976,5420,17.7,96.4,35,17.6,96.3,34.8,0.1,0.1,0.2,SHALLOW,HI384A
1982,21452,7.2,153.5,34.5,6.9,152.8,34.1,0.3,0.7,0.4,SHALLOW,SM241
1962,3569,21.1,75.4,34.5,20.2,73.5,33.3,0.9,1.9,1.2,SHALLOW,WD133
1974,999999,0.1,191.9,34.3,0.1,191.9,34.3,0,0,0,SHALLOW,HI323A
1984,999999,0.1,191.6,34.2,0.1,191.6,34.2,0,0,0,SHALLOW,PN969
1975,260496,0.7,187.5,34.1,0.7,187.5,34.1,0,0,0,SHALLOW,WC537
1968,28529,5.6,159.4,33.9,5.6,159.4,33.9,0,0,0,SHALLOW,SP054
1983,277554,0.7,186.7,33.9,0.7,186.7,33.9,0,0,0,SHALLOW,BA052A
1974,23351,6.6,153,33.8,6.6,153,33.8,0,0,0,SHALLOW,HI154
1978,151240,1.2,182.9,33.8,1.2,182.9,33.8,0,0,0,SHALLOW,MU111A
1988,228459,0.8,184.8,33.7,0.8,184.8,33.7,0,0,0,SHALLOW,GA343
1982,1978,24.9,49.2,33.6,23.9,47.8,32.4,1,1.4,1.2,SHALLOW,MC020
1988,78789,2.2,176.9,33.7,2.2,176.9,33.7,0,0,0,SHALLOW,HI177
1968,111218,1.6,179.9,33.6,1.6,176.5,33,0,3.4,0.6,SHALLOW,HI129
1972,224127,0.8,183.1,33.4,0.8,183.1,33.4,0,0,0,SHALLOW,EC286
1995,59398,2.8,169.1,32.9,2.8,169.1,32.9,0,0,0,SHALLOW,MP223
1980,121229,1.5,176,32.8,1.5,176,32.8,0,0,0,SHALLOW,HI199
1961,47848,3.4,164.8,32.8,3.4,164.8,32.8,0,0,0,SHALLOW,VR115
1984,999999,0,183,32.6,0,164.5,29.3,0,18.5,3.3,SHALLOW,MO827
1988,17181,7.9,137.1,32.4,7.8,135.7,32,0.1,1.4,0.4,SHALLOW,GB083
1990,999999,0.1,181.5,32.4,0.1,181.5,32.4,0,0,0,SHALLOW,MP255
2004,839,28.1,23.6,32.3,24.2,20.4,27.8,3.9,3.2,4.5,ULTRA-DEEP,GC768
1976,6496,15,97.3,32.3,14.9,96.9,32.1,0.1,0.4,0.2,SHALLOW,EB160
1989,521013,0.3,179.7,32.3,0.3,179.7,32.3,0,0,0,DEEP,GC472
1983,999999,0,176.8,31.5,0,176.8,31.5,0,0,0,SHALLOW,MO864
1957,75168,2.2,164.6,31.5,2.2,164.6,31.5,0,0,0,SHALLOW,VR086
1967,209655,0.8,172.7,31.5,0.8,172.7,31.5,0,0,0,SHALLOW,EC215
1974,999999,0.2,175.6,31.4,0.2,175.6,31.4,0,0,0,SHALLOW,GB065
1986,3236,19.9,64.3,31.3,19.9,64.3,31.3,0,0,0,DEEP,MC755
1975,75990,2.1,163.2,31.2,2.1,163.2,31.2,0,0,0,SHALLOW,HI270A
1956,9695,11.1,111.8,31,10.4,101.7,28.5,0.7,10.1,2.5,SHALLOW,EI172
1993,24480,5.7,139.3,30.5,4,124.3,26.1,1.7,15,4.4,DEEP,VK823
2007,2544,20.9,53.2,30.3,15.3,40.6,22.5,5.6,12.6,7.8,DEEP,MC503
1966,130046,1.2,162.5,30.2,1.2,162.5,30.2,0,0,0,SHALLOW,WC049
1956,97085,1.6,160,30.1,1.6,160,30.1,0,0,0,SHALLOW,EC160
1975,85613,1.8,157,29.8,1.8,157,29.8,0,0,0,SHALLOW,HI568A
1975,365142,0.5,164.7,29.8,0.5,164.7,29.8,0,0,0,SHALLOW,MI700
1962,112115,1.4,158.2,29.6,1.4,158.2,29.6,0,0,0,SHALLOW,WC368
2001,1552,23,35.6,29.3,20.8,34.4,26.9,2.2,1.2,2.4,DEEP,GC282
1974,10438,10.3,106.9,29.3,9.6,106,28.5,0.7,0.9,0.8,SHALLOW,EC359
2007,16905,7.3,123.1,29.2,6.7,115.9,27.3,0.6,7.2,1.9,DEEP,GB462
1974,296457,0.5,160.7,29.1,0.5,160.7,29.1,0,0,0,SHALLOW,HI280A
1977,6746,13.2,89,29,12.6,84.1,27.5,0.6,4.9,1.5,SHALLOW,EI346
1998,55190,2.7,147.9,29,2.7,146.5,28.7,0,1.4,0.3,DEEP,GB200
1979,2553,19.9,50.9,29,19.9,50.9,29,0,0,0,SHALLOW,SS069
1976,999999,0.1,161.2,28.7,0.1,161.2,28.7,0,0,0,SHALLOW,WC333
1986,999999,0,161.2,28.7,0,152.6,27.2,0,8.6,1.5,SHALLOW,MO868
1989,3515,17.7,62.2,28.8,15.1,57.7,25.4,2.6,4.5,3.4,SHALLOW,VR284
1976,1800,21.7,39.1,28.7,20.7,37.6,27.4,1,1.5,1.3,SHALLOW,EI337
1965,253611,0.6,157.4,28.6,0.6,157.4,28.6,0,0,0,SHALLOW,MP127
1975,57012,2.5,145.9,28.6,2.5,145.8,28.5,0,0.1,0.1,SHALLOW,HI492A
1958,111541,1.3,150.2,28.1,1.3,150.2,28.1,0,0,0,SHALLOW,LP000
1980,21205,5.8,123,27.7,5.8,123,27.7,0,0,0,SHALLOW,EI297
1975,80253,1.8,145.2,27.6,1.8,145.2,27.6,0,0,0,SHALLOW,EC237
1971,92062,1.6,146.1,27.6,1.6,146.1,27.6,0,0,0,SHALLOW,EC222
1996,2840,18.3,52.1,27.6,14.2,29.4,19.5,4.1,22.7,8.1,SHALLOW,EW910
1995,61946,2.3,141,27.4,2.3,141,27.4,0,0,0,DEEP,MC292
1996,876,23.7,20.8,27.4,23,20.2,26.6,0.7,0.6,0.8,DEEP,EW963
2004,22019,5.6,121.7,27.2,5.2,119.8,26.5,0.4,1.9,0.7,SHALLOW,ST041
1979,339293,0.4,148.8,26.9,0.4,148.8,26.9,0,0,0,SHALLOW,BA451
1964,195037,0.7,146,26.7,0.7,145.4,26.6,0,0.6,0.1,SHALLOW,SM076
1967,35849,3.6,129.2,26.5,3.5,114.2,23.8,0.1,15,2.7,SHALLOW,MP265
1985,999999,0,149.7,26.6,0,149.7,26.6,0,0,0,SHALLOW,HI083A
1975,201009,0.7,145.3,26.6,0.7,145.3,26.6,0,0,0,SHALLOW,WC540
1966,28411,4.3,123,26.2,4.3,123,26.2,0,0,0,SHALLOW,VR171
1975,211186,0.7,143.3,26.2,0.7,143.3,26.2,0,0,0,SHALLOW,WC353
1978,88918,1.5,137.6,26,1.5,137.6,26,0,0,0,SHALLOW,MC486
1973,4460,14.4,64.4,25.9,14.4,64.4,25.9,0,0,0,SHALLOW,SM175
1973,44136,2.9,127.7,25.6,2.9,127.7,25.6,0,0,0,SHALLOW,SM261
1983,999999,0,143.1,25.5,0,143.1,25.5,0,0,0,SHALLOW,CA029
1983,15801,6.6,105.3,25.4,6.6,105.1,25.3,0,0.2,0.1,SHALLOW,SS332
1979,2025,18.8,37.1,25.4,17.5,35,23.7,1.3,2.1,1.7,SHALLOW,SS091
1981,132819,1,136.2,25.3,1,136.2,25.3,0,0,0,SHALLOW,ST200
1988,521233,0.3,139.1,25,0.3,139.1,25,0,0,0,SHALLOW,MI650
1998,1411,19.1,33,25,16.7,23.6,20.9,2.4,9.4,4.1,DEEP,MC029
2002,15465,6.6,102.2,24.8,4.2,60.7,15,2.4,41.5,9.8,SHALLOW,SM223
1971,17600,6,105.6,24.8,6,105.6,24.8,0,0,0,SHALLOW,VR340
1955,155238,0.8,133.9,24.7,0.8,129.6,23.9,0,4.3,0.8,SHALLOW,WC040
1965,14391,6.8,97.7,24.1,6.3,83.6,21.1,0.5,14.1,3,SHALLOW,ST228
1971,3275,15.3,50,24.2,15.3,50,24.2,0,0,0,SHALLOW,VR147
1974,999999,0,135.1,24.1,0,135.1,24.1,0,0,0,SHALLOW,HI511A
2013,1653,18.4,30.3,23.7,13.2,18.8,16.5,5.2,11.5,7.2,ULTRA-DEEP,MC782
1982,37092,3.1,115.6,23.7,3.1,115.6,23.7,0,0,0,SHALLOW,ST292
1976,2668,16.1,42.9,23.7,15.9,41.5,23.2,0.2,1.4,0.5,SHALLOW,ST314
1956,128365,1,127.3,23.6,1,127.3,23.6,0,0,0,SHALLOW,VR102
1987,87359,1.4,124.5,23.6,1.4,124.5,23.6,0,0,0,SHALLOW,EC151
2002,216,22.7,4.9,23.6,13.8,2.8,14.3,8.9,2.1,9.3,ULTRA-DEEP,WR206
1976,66849,1.8,122,23.5,1.8,122,23.5,0,0,0,SHALLOW,SS084
1982,2153,16.9,36.5,23.4,16.5,36.1,22.9,0.4,0.4,0.5,SHALLOW,MP064
2001,999999,0,131.2,23.4,0,131.2,23.4,0,0,0,ULTRA-DEEP,AT426
1967,21301,4.9,104,23.4,4.9,104,23.4,0,0,0,SHALLOW,ST186
2012,508,21.4,10.9,23.4,16.8,8.6,18.4,4.6,2.3,5,ULTRA-DEEP,MC698
1973,11986,7.4,89.1,23.3,7.2,88.6,23,0.2,0.5,0.3,SHALLOW,HI442A
1979,166652,0.8,126.1,23.2,0.8,126.1,23.2,0,0,0,SHALLOW,BA022A
1968,41679,2.8,115,23.2,2.8,115,23.2,0,0,0,SHALLOW,MP103
1979,5634,11.6,65.1,23.1,11.3,62.4,22.4,0.3,2.7,0.7,SHALLOW,HI557A
1974,22941,4.5,103.7,22.9,4.1,96.7,21.3,0.4,7,1.6,SHALLOW,WC265
1984,2621,15.7,41,22.9,15.5,20.7,19.1,0.2,20.3,3.8,SHALLOW,SS178
1975,8333,9.2,76.5,22.8,9.2,76.5,22.8,0,0,0,SHALLOW,HI561A
1987,0,0,127.6,22.7,0,123.4,22,0,4.2,0.7,SHALLOW,MO961
1972,57986,2,116.4,22.7,2,116.4,22.7,0,0,0,SHALLOW,EI074
2004,1138,18.9,21.5,22.7,0.6,0.7,0.7,18.3,20.8,22,ULTRA-DEEP,MC427
1966,11929,7.2,85.8,22.5,7.2,85.8,22.5,0,0,0,SHALLOW,GI033
1984,319524,0.4,123.9,22.4,0.4,123.9,22.4,0,0,0,SHALLOW,HI194
1987,13667,6.6,89.1,22.4,6.4,89,22.2,0.2,0.1,0.2,SHALLOW,SS100
2001,914763,0.1,125.1,22.4,0.1,125.1,22.4,0,0,0,ULTRA-DEEP,GB877
1985,999999,0.1,124.8,22.3,0.1,124.8,22.3,0,0,0,SHALLOW,MP252
2014,943,19.1,18,22.3,0,0,0,19.1,18,22.3,DEEP,GC627
1962,46478,2.4,111.2,22.2,2.4,111.2,22.2,0,0,0,SHALLOW,VR162
1973,182463,0.7,120.8,22.2,0.7,119.9,22,0,0.9,0.2,SHALLOW,HI283A
1999,735293,0.2,122.8,22,0.2,111.7,20,0,11.1,2,ULTRA-DEEP,MC348
1986,2796,14.5,40.6,21.8,13.9,40.2,21.1,0.6,0.4,0.7,SHALLOW,GB072
1984,1110,18,20,21.5,16.2,17.2,19.3,1.8,2.8,2.2,SHALLOW,GC052
1965,100969,1.1,114.4,21.5,1.1,113.8,21.4,0,0.6,0.1,SHALLOW,MP107
1979,15820,5.6,89.3,21.5,5.6,89.3,21.5,0,0,0,SHALLOW,SM155
1991,43358,2.5,107.1,21.5,2.5,107.1,21.5,0,0,0,SHALLOW,EI162
1975,999999,0.1,119.6,21.3,0.1,119.6,21.3,0,0,0,SHALLOW,HI355A
1969,999999,0.1,117.9,21.1,0.1,117.9,21.1,0,0,0,SHALLOW,MP093
1997,2294,15,34.4,21.1,14.9,33.7,20.9,0.1,0.7,0.2,SHALLOW,VK734
1971,56505,1.9,107.8,21.1,1.9,106.6,20.9,0,1.2,0.2,SHALLOW,ST111
1994,32515,3.1,100.4,21,3,95.2,20,0.1,5.2,1,SHALLOW,PL005
1976,1000,17.8,17.7,20.9,17.2,17.1,20.2,0.6,0.6,0.7,DEEP,VK862
1987,999999,0,117.2,20.9,0,117.2,20.9,0,0,0,SHALLOW,PN010A
1969,7609,8.8,67.3,20.8,8.8,67.3,20.8,0,0,0,SHALLOW,GA255
1993,999999,0.1,115.9,20.7,0.1,115.9,20.7,0,0,0,ULTRA-DEEP,DC133
1984,21984,4.2,92.8,20.7,4.2,92.8,20.7,0,0,0,SHALLOW,EW947
1964,32949,3,99.4,20.7,3,99.4,20.7,0,0,0,SHALLOW,WD061
2000,1681,15.9,26.8,20.7,15.1,24.8,19.5,0.8,2,1.2,DEEP,GC608
1976,4856,11,53.4,20.5,10.5,49.9,19.4,0.5,3.5,1.1,SHALLOW,VR369
1971,13407,6,80.9,20.4,6,80.9,20.4,0,0,0,SHALLOW,VR182
1978,5003,10.8,54,20.4,10.8,54,20.4,0,0,0,SHALLOW,ST301
1981,238179,0.5,111.3,20.3,0.5,111.3,20.3,0,0,0,SHALLOW,WC536
1968,12199,6.4,77.6,20.1,5.5,76.5,19.1,0.9,1.1,1,SHALLOW,SS105
1988,188085,0.6,109.8,20.1,0.6,109.8,20.1,0,0,0,DEEP,EB688
1976,168440,0.6,108.8,20,0.6,108.8,20,0,0,0,SHALLOW,MC365
1982,183432,0.6,109.2,20,0.6,109.2,20,0,0,0,SHALLOW,VK817
1984,9227,7.5,69.9,20,7.5,69.6,19.9,0,0.3,0.1,SHALLOW,EI212
1974,999999,0,111.6,19.9,0,106,18.9,0,5.6,1,SHALLOW,HI469A
1979,999999,0,111.2,19.8,0,111.2,19.8,0,0,0,SHALLOW,PN042A
1975,772904,0.1,110.5,19.8,0.1,110.5,19.8,0,0,0,SHALLOW,VR060
1963,160731,0.7,107,19.7,0.7,107,19.7,0,0,0,SHALLOW,ST219
1984,2175,14,30.4,19.4,13.9,28.9,19.1,0.1,1.5,0.3,SHALLOW,SM160
1977,999999,0.1,108.3,19.3,0.1,108.3,19.3,0,0,0,SHALLOW,HI517A
1957,19285,4.3,83.8,19.3,4,82.3,18.7,0.3,1.5,0.6,SHALLOW,WC033
1969,336302,0.3,105.6,19.1,0.3,105.6,19.1,0,0,0,SHALLOW,HI088
1966,700715,0.2,105.7,19,0.2,105.7,19,0,0,0,SHALLOW,WC459
1982,999999,0,106.1,18.9,0,106.1,18.9,0,0,0,SHALLOW,CA025
1987,0,0,106,18.9,0,104.6,18.6,0,1.4,0.3,SHALLOW,MO916
1955,149817,0.7,100.7,18.6,0.7,100.7,18.6,0,0,0,SHALLOW,EC049
1996,1874,13.9,26.1,18.6,13.5,25.1,18,0.4,1,0.6,DEEP,GB602
2001,2875,12.3,35.4,18.7,11.6,35.1,17.9,0.7,0.3,0.8,DEEP,VK917
1960,123988,0.8,99.5,18.5,0.8,99.5,18.5,0,0,0,SHALLOW,WC118
1966,32783,2.7,88.6,18.5,2.7,88.6,18.5,0,0,0,SHALLOW,EC195
1974,51770,1.8,92.2,18.2,1.8,92.2,18.2,0,0,0,SHALLOW,EI325
1988,999999,0,102,18.2,0,102,18.2,0,0,0,SHALLOW,VR359
1989,483216,0.2,100.5,18.1,0.2,100.5,18.1,0,0,0,SHALLOW,BA399
1995,112027,0.8,94.8,17.7,0.8,94.8,17.7,0,0,0,SHALLOW,MP225
1976,19399,4,77,17.7,4,77,17.7,0,0,0,SHALLOW,EI348
1965,103461,0.9,93.5,17.5,0.9,93.5,17.5,0,0,0,SHALLOW,SS167
1982,17905,4.2,74.9,17.5,4.2,74.9,17.5,0,0,0,SHALLOW,EI147
1997,12562,5.4,68.1,17.5,4.9,62.4,16,0.5,5.7,1.5,SHALLOW,MP283
2001,999999,0,97.8,17.4,0,97.8,17.4,0,0,0,ULTRA-DEEP,AT037
1984,1262,14.2,17.9,17.4,13.5,17.1,16.5,0.7,0.8,0.9,SHALLOW,EW914
1966,8592,6.9,59.1,17.4,6.9,59.1,17.4,0,0,0,SHALLOW,GI082
1978,999999,0,96.6,17.2,0,96.6,17.2,0,0,0,SHALLOW,BA578
2005,999999,0,95.7,17.1,0,95.7,17.1,0,0,0,ULTRA-DEEP,MC961
1988,64358,1.4,88.2,17.1,1.4,88.2,17.1,0,0,0,SHALLOW,ST198
1976,10824,5.8,63.2,17.1,5.8,63.2,17.1,0,0,0,SHALLOW,VR287
1975,24492,3.2,78,17.1,3.2,78,17.1,0,0,0,SHALLOW,ST156
2003,85003,1,89.2,16.9,1,89.2,16.9,0,0,0,SHALLOW,HI170
1979,470450,0.2,93.6,16.9,0.2,93.6,16.9,0,0,0,SHALLOW,GA391
1967,67055,1.3,87.7,16.9,1.3,86.2,16.6,0,1.5,0.3,SHALLOW,MP273
1991,3110,10.8,33.4,16.7,10.5,31.4,16.1,0.3,2,0.6,DEEP,GB302
1974,164069,0.6,90.5,16.7,0.6,90.5,16.7,0,0,0,SHALLOW,BA017A
1997,24330,3.1,76.2,16.7,3.1,76.2,16.7,0,0,0,DEEP,VK914
1974,46020,1.8,83.1,16.6,1.8,83.1,16.6,0,0,0,SHALLOW,SP052
1976,244147,0.4,90.8,16.5,0.4,90.8,16.5,0,0,0,SHALLOW,EB109
1962,341251,0.3,90.9,16.4,0.3,90.9,16.4,0,0,0,SHALLOW,WC225
1968,999999,0,91.3,16.3,0,91.3,16.3,0,0,0,SHALLOW,MP096
2005,999999,0,91.4,16.3,0,91.4,16.3,0,0,0,ULTRA-DEEP,LL001
1978,711670,0.1,90.6,16.2,0.1,90.6,16.2,0,0,0,SHALLOW,HI285A
1981,317807,0.3,89.5,16.2,0.3,89.5,16.2,0,0,0,SHALLOW,BA453
1985,999999,0,90.2,16.1,0,90.2,16.1,0,0,0,SHALLOW,EC317
1976,924622,0.1,89.4,16,0.1,89.4,16,0,0,0,SHALLOW,EC096
1992,8885,6.1,54.5,15.9,4.8,47.8,13.4,1.3,6.7,2.5,SHALLOW,MC705
1976,999999,0,88.3,15.7,0,88.3,15.7,0,0,0,SHALLOW,VR329
1995,8000,6.5,51.8,15.7,6.5,51.8,15.7,0,0,0,DEEP,MC718
1984,2777,10.4,28.9,15.5,9.8,28.4,14.9,0.6,0.5,0.6,SHALLOW,MP030
1994,1232,12.6,15.6,15.5,10.9,12.5,13.2,1.7,3.1,2.3,DEEP,EW958
1985,71179,1.1,79.5,15.3,1.1,75.9,14.6,0,3.6,0.7,SHALLOW,SS111
1987,23438,3,69.5,15.3,3,69.5,15.3,0,0,0,SHALLOW,VR412
2004,999999,0,84.8,15.1,0,84.8,15.1,0,0,0,ULTRA-DEEP,DC618
1990,0,0,85,15.1,0,82.8,14.7,0,2.2,0.4,SHALLOW,VK069
2006,355,14.1,5.1,14.9,4.5,1.6,4.7,9.6,3.5,10.2,DEEP,GC599
1976,356823,0.2,83.3,15,0.2,83.3,15,0,0,0,SHALLOW,PN967
1965,419039,0.2,82,14.8,0.2,72.7,13.1,0,9.3,1.7,SHALLOW,SS271
1985,0,0,83.2,14.8,0,83.2,14.8,0,0,0,SHALLOW,SM205
1981,999999,0,83.3,14.8,0,83.3,14.8,0,0,0,SHALLOW,WC618
1997,999999,0,82.4,14.6,0,74.3,13.2,0,8.1,1.4,SHALLOW,VK251
1974,999999,0,82.6,14.7,0,82.6,14.7,0,0,0,SHALLOW,WC464
1998,697,13,9.1,14.6,12.5,8.7,14.1,0.5,0.4,0.5,DEEP,AC024
2005,2212,10.4,23,14.5,8.6,21.4,12.4,1.8,1.6,2.1,DEEP,GC299
1984,336985,0.2,79,14.3,0.2,79,14.3,0,0,0,SHALLOW,MU739
1989,74950,0.9,74.3,14.2,0.9,71.8,13.7,0,2.5,0.5,SHALLOW,GA210
1988,0,0,79.5,14.2,0,71.3,12.7,0,8.2,1.5,SHALLOW,MO872
2002,999999,0,78.9,14.1,0,78.9,14.1,0,0,0,ULTRA-DEEP,AT261
1978,999999,0,78.9,14.1,0,78.9,14.1,0,0,0,SHALLOW,WC547
1986,999999,0,79.2,14.1,0,79.2,14.1,0,0,0,SHALLOW,MO821
1973,999999,0,79.5,14.1,0,79.5,14.1,0,0,0,SHALLOW,EC353
1969,77716,0.9,72.7,13.9,0.9,72.7,13.9,0,0,0,SHALLOW,SP045
1955,97578,0.8,73.5,13.8,0.8,73.5,13.8,0,0,0,SHALLOW,EI047
1975,61527,1.2,71.1,13.8,1.2,71.1,13.8,0,0,0,SHALLOW,VR155
1965,1552,10.7,16.6,13.6,10.7,16.6,13.6,0,0,0,SHALLOW,GI018
1977,116859,0.6,73.2,13.7,0.6,73.2,13.7,0,0,0,SHALLOW,VR084
1981,17595,3.3,58.4,13.7,3.3,58.4,13.7,0,0,0,SHALLOW,VR315
1985,15020,3.7,55.6,13.6,3.7,55.6,13.6,0,0,0,SHALLOW,ST076
1957,13477,4,53.9,13.6,3.9,52.8,13.3,0.1,1.1,0.3,SHALLOW,SS139
1997,1064,11.4,12.1,13.5,11.4,12.1,13.5,0,0,0,DEEP,GB409
1996,88454,0.8,71.2,13.5,0.8,71.2,13.5,0,0,0,SHALLOW,EC171
1983,26109,2.4,62.4,13.5,2.4,62.4,13.5,0,0,0,SHALLOW,VR318
1982,126532,0.6,72.9,13.5,0.6,72.9,13.5,0,0,0,SHALLOW,HI045
1981,271301,0.3,74,13.4,0.3,74,13.4,0,0,0,SHALLOW,GC136
1977,449848,0.2,74.7,13.4,0.2,74.7,13.4,0,0,0,SHALLOW,WC406
1988,20178,2.9,58.6,13.3,2.9,58.6,13.3,0,0,0,SHALLOW,EC060
2005,1022,11.1,11.4,13.1,10.4,10.5,12.2,0.7,0.9,0.9,DEEP,GC385
1991,7095,5.8,41.3,13.2,5.1,39.1,12.1,0.7,2.2,1.1,SHALLOW,SM192
1990,999999,0,74,13.2,0,74,13.2,0,0,0,SHALLOW,WC432
1976,218234,0.3,72,13.1,0.3,72,13.1,0,0,0,SHALLOW,WC409
1981,44940,1.5,65.6,13.1,1.5,65.6,13.1,0,0,0,SHALLOW,VR122
1968,23278,2.5,59.3,13.1,2.5,58.7,13,0,0.6,0.1,SHALLOW,HI206
1974,0,0,73.6,13.1,0,73.6,13.1,0,0,0,SHALLOW,HI313A
1976,396751,0.2,72.2,13,0.2,72.2,13,0,0,0,SHALLOW,ST163
1984,422292,0.2,71.9,13,0.2,71.9,13,0,0,0,SHALLOW,CA040
2005,69273,1,67,12.9,0.8,53,10.2,0.2,14,2.7,SHALLOW,WC077
1980,299736,0.2,70.6,12.8,0.2,70.6,12.8,0,0,0,SHALLOW,BA437
2010,919,11,10.1,12.8,6.1,6,7.2,4.9,4.1,5.6,ULTRA-DEEP,DC004
1962,228226,0.3,70.4,12.8,0.3,70.4,12.8,0,0,0,SHALLOW,WC229
2013,654,11.4,7.6,12.8,6.6,4.3,7.4,4.8,3.3,5.4,ULTRA-DEEP,MC214
1965,10750,4.4,47,12.7,4.2,45.5,12.3,0.2,1.5,0.4,SHALLOW,SM027
1988,149720,0.5,69,12.7,0.5,69,12.7,0,0,0,SHALLOW,MI633
1976,30452,1.9,59.2,12.5,1.9,59.2,12.5,0,0,0,SHALLOW,HI416A
1974,206797,0.3,68.3,12.5,0.3,68.3,12.5,0,0,0,SHALLOW,WC436
2012,738,10.9,8.5,12.4,8.3,6.1,9.4,2.6,2.4,3,ULTRA-DEEP,MC431
1987,0,0,69.7,12.4,0,68.7,12.2,0,1,0.2,SHALLOW,MO870
1996,12048,3.9,47,12.3,3.9,47,12.3,0,0,0,DEEP,GB516
1973,3172,7.8,24.9,12.3,6.6,21.2,10.4,1.2,3.7,1.9,SHALLOW,SM166
1984,525642,0.1,68.4,12.3,0.1,68.4,12.3,0,0,0,SHALLOW,MU784
1976,120552,0.5,65.9,12.3,0.5,65.9,12.3,0,0,0,SHALLOW,WC222
1987,235031,0.3,66.9,12.2,0.3,66.9,12.2,0,0,0,SHALLOW,WC187
2001,999999,0,68,12.1,0,60.7,10.8,0,7.3,1.3,SHALLOW,VK340
1998,990,10.3,10.2,12.1,9.9,9.7,11.6,0.4,0.5,0.5,DEEP,EB949
1995,390903,0.2,66.6,12,0.2,66.6,12,0,0,0,DEEP,EB992
1988,20611,2.6,52.8,12,2.6,52.8,12,0,0,0,SHALLOW,ST265
2005,194617,0.3,65.2,11.9,0.3,56.9,10.4,0,8.3,1.5,SHALLOW,WC295
1993,71061,0.9,62.2,11.9,0.9,62.2,11.9,0,0,0,SHALLOW,PL006
1988,1743,9.1,15.9,11.9,9.1,15.9,11.9,0,0,0,SHALLOW,GB161
1974,16327,3,49.4,11.8,3,49.4,11.8,0,0,0,SHALLOW,HI555A
1982,999999,0,66.5,11.8,0,65.2,11.6,0,1.3,0.2,SHALLOW,VK204
1984,39330,1.5,58.1,11.8,0.8,41.2,8.1,0.7,16.9,3.7,SHALLOW,MP098
1970,43599,1.3,58.6,11.8,1.3,58.6,11.8,0,0,0,SHALLOW,BA001A
1977,233277,0.3,64,11.7,0.3,64,11.7,0,0,0,SHALLOW,SM265
1987,0,0,65.7,11.7,0,65.7,11.7,0,0,0,SHALLOW,MO991
1961,6396,5.5,35,11.7,5.2,34.6,11.3,0.3,0.4,0.4,SHALLOW,MP129
1962,17235,2.9,49.8,11.7,2.8,49.5,11.6,0.1,0.3,0.1,SHALLOW,SS015
1969,326634,0.2,64,11.6,0.2,64,11.6,0,0,0,SHALLOW,GA350
2007,1972,8.6,16.9,11.5,4.3,11.6,6.3,4.3,5.3,5.2,DEEP,MC707
1987,17105,2.8,48.6,11.5,2.8,48.6,11.5,0,0,0,SHALLOW,GA151
2001,4036,6.6,26.8,11.4,6.1,24.2,10.4,0.5,2.6,1,DEEP,GB244
1970,999999,0,63.4,11.3,0,63.4,11.3,0,0,0,SHALLOW,SS323
1986,19541,2.5,49.1,11.3,2.5,49.1,11.3,0,0,0,SHALLOW,WD098
1977,999999,0,63.2,11.3,0,63.2,11.3,0,0,0,SHALLOW,WC427
1969,12873,3.4,44.2,11.3,3.3,43.3,11,0.1,0.9,0.3,SHALLOW,MP069
1993,2517,7.7,19.4,11.2,7.1,18.9,10.5,0.6,0.5,0.7,SHALLOW,VR332
2008,1378,9,12.4,11.2,5.7,8,7.1,3.3,4.4,4.1,DEEP,MC800
2015,1126,9.3,10.6,11.3,0.1,0.2,0.2,9.2,10.4,11.1,DEEP,MC794
1989,50689,1.1,56.1,11.1,1.1,56.1,11.1,0,0,0,SHALLOW,EI030
1982,272615,0.2,59.2,10.8,0.2,59.2,10.8,0,0,0,SHALLOW,MI696
1979,999999,0.1,60.1,10.8,0.1,60.1,10.8,0,0,0,SHALLOW,BA021A
1982,82246,0.7,56.7,10.7,0.5,45,8.5,0.2,11.7,2.2,SHALLOW,WC055
1997,0,0,60.8,10.8,0,60.8,10.8,0,0,0,SHALLOW,VK114
1991,6880,4.8,33.1,10.7,4.3,32.3,10,0.5,0.8,0.7,SHALLOW,VR207
1976,999999,0,59.6,10.6,0,59.6,10.6,0,0,0,SHALLOW,MU016A
1996,607842,0.1,58.9,10.6,0.1,58.9,10.6,0,0,0,SHALLOW,WC130
1979,3830,6.3,24,10.6,6.2,23.2,10.3,0.1,0.8,0.3,SHALLOW,SA013
1981,68138,0.8,54.1,10.4,0.8,54.1,10.4,0,0,0,SHALLOW,VR075
1975,4441,5.8,25.7,10.3,5.7,25.6,10.2,0.1,0.1,0.1,SHALLOW,EI327
1979,143923,0.4,56.3,10.4,0.4,56.3,10.4,0,0,0,SHALLOW,WC116
1977,106540,0.5,54.9,10.3,0.5,54.2,10.1,0,0.7,0.2,SHALLOW,HI544A
1975,999999,0,57.4,10.2,0,57.4,10.2,0,0,0,SHALLOW,VR410
2005,591403,0.1,56.7,10.2,0.1,56.7,10.2,0,0,0,DEEP,MC506
1984,999999,0,56.7,10.1,0,56.7,10.1,0,0,0,SHALLOW,GB224
2008,2965,6.6,19.7,10.2,6.5,17.6,9.7,0.1,2.1,0.5,DEEP,GC141
1987,512413,0.1,56,10.1,0.1,56,10.1,0,0,0,SHALLOW,HI128
1973,97359,0.5,53.4,10.1,0.5,53.4,10.1,0,0,0,SHALLOW,VR348
1966,7885,4.2,33.2,10.1,4.1,29.8,9.4,0.1,3.4,0.7,SHALLOW,SS058
1989,999999,0,57,10.1,0,57,10.1,0,0,0,SHALLOW,MU785
1961,228083,0.2,55.2,10.1,0.2,55.2,10.1,0,0,0,SHALLOW,GA389
1997,39858,1.2,49.1,10,1.2,49.1,10,0,0,0,DEEP,AC065
1988,691212,0.1,55.9,10,0.1,54.1,9.7,0,1.8,0.3,SHALLOW,BA491
1994,999999,0,55.9,9.9,0,55.9,9.9,0,0,0,SHALLOW,HI371A
1976,999999,0,54.8,9.8,0,54.8,9.8,0,0,0,SHALLOW,HI507A
1971,37392,1.3,47.9,9.8,1.3,47.9,9.8,0,0,0,SHALLOW,EC185
1972,91475,0.6,51.4,9.7,0.6,51.4,9.7,0,0,0,SHALLOW,WC028
1984,999999,0,53.9,9.6,0,53.9,9.6,0,0,0,SHALLOW,MI651
2013,9296,3.6,33.5,9.5,1.6,13.2,3.9,2,20.3,5.6,SHALLOW,ST311
1978,290815,0.2,52.6,9.5,0.2,52.6,9.5,0,0,0,SHALLOW,SM252
1983,341781,0.2,52.3,9.5,0.2,52.3,9.5,0,0,0,SHALLOW,BA412
1982,38601,1.2,46.5,9.5,1.2,46.5,9.5,0,0,0,SHALLOW,HI487A
2001,999999,0,52.9,9.4,0,52.9,9.4,0,0,0,ULTRA-DEEP,MC876
1976,50991,0.9,47.6,9.3,0.9,47.5,9.3,0,0.1,0,SHALLOW,EB157
1995,53677,0.9,47.2,9.3,0.9,47.2,9.3,0,0,0,SHALLOW,GA301
1975,999999,0,52.1,9.2,0,51.3,9.1,0,0.8,0.1,SHALLOW,HI341A
1979,334747,0.2,51.2,9.3,0.2,51.2,9.3,0,0,0,SHALLOW,BA501
1969,315160,0.2,51.5,9.3,0.2,51.5,9.3,0,0,0,SHALLOW,BA007A
1978,1689,7.1,12.1,9.3,7.1,12.1,9.3,0,0,0,SHALLOW,GI020
1994,20049,2,40.5,9.2,2,40.5,9.2,0,0,0,SHALLOW,HI576A
2003,395857,0.1,50.3,9.1,0.1,50.3,9.1,0,0,0,DEEP,EB759
2012,627,7.8,7,9,1.9,1.2,2.1,5.9,5.8,6.9,ULTRA-DEEP,DC134
1975,4925,4.8,23.9,9.1,3.4,22.5,7.4,1.4,1.4,1.7,SHALLOW,VR342
1963,186695,0.3,49.3,9,0.3,49.3,9,0,0,0,SHALLOW,EC193
1964,93060,0.5,47.4,9,0.5,47.4,9,0,0,0,SHALLOW,VR288
1977,999999,0,50.5,9,0,50.5,9,0,0,0,SHALLOW,WC331
1985,346838,0.1,49.9,9,0.1,49.9,9,0,0,0,SHALLOW,WC313
1984,74561,0.6,47.3,9,0.6,47.3,9,0,0,0,SHALLOW,HI105
1990,47640,1,45.3,9,1,45.3,9,0,0,0,SHALLOW,GA239
1985,412755,0.1,49.9,9,0.1,49.9,9,0,0,0,SHALLOW,GA303
1988,4675,4.9,22.8,8.9,4.9,22.8,8.9,0,0,0,SHALLOW,GC045
1975,178456,0.3,48.5,8.9,0.3,48.5,8.9,0,0,0,SHALLOW,HI389A
2000,1517,7,10.5,8.9,6.1,6.2,7.2,0.9,4.3,1.7,DEEP,EB430
1956,674984,0.1,48.3,8.7,0.1,48.3,8.7,0,0,0,SHALLOW,WC253
1985,12570,2.7,33.8,8.7,2.7,33.8,8.7,0,0,0,SHALLOW,EI028
1977,94270,0.5,45.3,8.5,0.5,44.2,8.3,0,1.1,0.2,SHALLOW,MP120
1994,276757,0.2,46.7,8.5,0.2,46.7,8.5,0,0,0,SHALLOW,MU759
1986,999999,0,47,8.4,0,47,8.4,0,0,0,SHALLOW,MP202
2003,509770,0.1,46.3,8.3,0.1,46.3,8.3,0,0,0,SHALLOW,HI047
2013,75523,0.6,43.5,8.3,0.4,29.9,5.7,0.2,13.6,2.6,SHALLOW,ST127
1997,31264,1.2,39.4,8.3,1.2,39.3,8.2,0,0.1,0.1,DEEP,VK742
1984,70199,0.6,43.1,8.3,0.6,43.1,8.3,0,0,0,SHALLOW,SS097
1999,65852,0.6,42.5,8.2,0.6,42.3,8.2,0,0.2,0,DEEP,EB642
1988,286092,0.2,45.2,8.2,0.2,45.2,8.2,0,0,0,SHALLOW,MP186
1980,83291,0.5,42.9,8.1,0.5,42.9,8.1,0,0,0,SHALLOW,HI523A
1979,999999,0,45.2,8.1,0,45.2,8.1,0,0,0,SHALLOW,EI300
1979,108301,0.4,43.4,8.1,0.4,39.2,7.3,0,4.2,0.8,SHALLOW,PL018
1990,4752,4.6,19.6,8.1,3.9,18.5,7.2,0.7,1.1,0.9,SHALLOW,SS128
1972,237580,0.2,44.4,8.1,0.2,44.4,8.1,0,0,0,SHALLOW,BA544
1984,0,0,44.8,8,0,44.8,8,0,0,0,SHALLOW,MO952
2009,1280,6.5,8.3,8,5.3,7,6.6,1.2,1.3,1.4,DEEP,EW998
1983,999999,0,45,8,0,45,8,0,0,0,SHALLOW,HI244A
1975,15906,2,33,7.9,1.7,32.4,7.5,0.3,0.6,0.4,SHALLOW,VR313
1987,999999,0,44.1,7.9,0,44.1,7.9,0,0,0,SHALLOW,HI171A
1974,920064,0,43.7,7.8,0,43.7,7.8,0,0,0,SHALLOW,HI279A
1988,2464,5.5,13.4,7.9,4.9,12.5,7.1,0.6,0.9,0.8,DEEP,EW1006
2014,10489,2.7,28.5,7.7,2.3,24,6.5,0.4,4.5,1.2,DEEP,MC079
1995,4463,4.4,19.4,7.8,4.4,19.4,7.8,0,0,0,SHALLOW,SS067
2008,0,0,43.5,7.7,0,37.2,6.6,0,6.3,1.1,DEEP,GB339
1986,2064,5.7,11.7,7.7,5.7,11.7,7.7,0,0,0,SHALLOW,VR167
1990,106484,0.4,41.4,7.7,0.4,41.4,7.7,0,0,0,SHALLOW,EI048
1973,999999,0,42.9,7.6,0,42.9,7.6,0,0,0,SHALLOW,HI480A
1969,23216,1.5,34.4,7.6,1.5,34.4,7.6,0,0,0,SHALLOW,VR200
2001,40092,0.9,37.1,7.5,0.9,37.1,7.5,0,0,0,SHALLOW,BS041
1984,122358,0.3,39.9,7.4,0.3,39.9,7.4,0,0,0,SHALLOW,HI166
1975,999999,0,41.7,7.4,0,41.7,7.4,0,0,0,SHALLOW,MU831
1975,160254,0.2,39.5,7.3,0.2,39.5,7.3,0,0,0,SHALLOW,EC038
1955,7654,3.1,23.7,7.3,3.1,23.7,7.3,0,0,0,SHALLOW,GA189
1990,934799,0,40,7.2,0,40,7.2,0,0,0,SHALLOW,GB070
2001,839956,0,40.2,7.2,0,40.2,7.2,0,0,0,DEEP,EB421
1968,129546,0.3,38.4,7.1,0.3,38.4,7.1,0,0,0,SHALLOW,HI074
1987,168116,0.2,38.4,7.1,0.2,38.4,7.1,0,0,0,SHALLOW,HI167
1982,8633,2.8,24.1,7.1,2.8,24.1,7.1,0,0,0,SHALLOW,ST077
1986,39728,0.9,34.3,7,0.9,34.3,7,0,0,0,SHALLOW,EC121
1971,999999,0,39.1,7,0,39.1,7,0,0,0,SHALLOW,EC257
1976,2963,4.6,13.5,7,4.6,13.5,7,0,0,0,SHALLOW,BS053
1996,500467,0.1,39,7,0.1,39,7,0,0,0,SHALLOW,HI037
1982,390285,0.1,38.9,7,0.1,38.9,7,0,0,0,SHALLOW,MI710
1998,208377,0.2,38.5,7,0.2,38.5,7,0,0,0,SHALLOW,HI131
1972,70580,0.5,36.1,6.9,0.5,36.1,6.9,0,0,0,SHALLOW,GI045
1995,999999,0,38.6,6.9,0,38.6,6.9,0,0,0,SHALLOW,WC615
1974,999999,0,38.1,6.8,0,38.1,6.8,0,0,0,SHALLOW,HI271A
1978,34426,0.9,32.6,6.8,0.9,32.6,6.8,0,0,0,SHALLOW,EI071
1988,515129,0.1,37.3,6.7,0.1,37.3,6.7,0,0,0,SHALLOW,MI487
1983,30657,1,31.6,6.7,1,31.6,6.7,0,0,0,SHALLOW,ST264
1986,284848,0.1,36.3,6.6,0.1,36.3,6.6,0,0,0,SHALLOW,BA376
1977,999999,0,37.1,6.6,0,37.1,6.6,0,0,0,SHALLOW,MI007A
1991,310536,0.1,35.6,6.5,0.1,35.6,6.5,0,0,0,SHALLOW,BA431
2002,1500,5.1,7.7,6.5,1.2,3.3,1.8,3.9,4.4,4.7,DEEP,MC751
1972,48206,0.7,32.4,6.4,0.7,32.4,6.4,0,0,0,SHALLOW,EI159
2002,27025,1.1,30,6.4,1.1,30,6.4,0,0,0,SHALLOW,EI143
2001,1356,5.2,7,6.5,4.9,6.7,6.1,0.3,0.3,0.4,DEEP,EB597
1999,581178,0.1,35.7,6.4,0.1,35.7,6.4,0,0,0,SHALLOW,VK385
1991,999999,0,36.1,6.4,0,36.1,6.4,0,0,0,SHALLOW,BA397
1984,999999,0,35.4,6.3,0,35.4,6.3,0,0,0,SHALLOW,HI185A
1982,18310,1.5,27.2,6.3,1.4,26.8,6.2,0.1,0.4,0.1,SHALLOW,SS078
1988,0,0,35.7,6.3,0,35.7,6.3,0,0,0,SHALLOW,VR249
1999,132760,0.3,33.7,6.2,0.3,33.7,6.2,0,0,0,SHALLOW,HI133
1988,61319,0.5,32,6.2,0.5,32,6.2,0,0,0,SHALLOW,EC148
1984,63930,0.5,32.1,6.2,0.5,32.1,6.2,0,0,0,SHALLOW,SS263
1983,1089,5.2,5.6,6.2,4.9,5.3,5.8,0.3,0.3,0.4,SHALLOW,EI173
1990,372268,0.1,34.4,6.2,0.1,34.4,6.2,0,0,0,SHALLOW,GA252
1993,6073,2.9,17.9,6.1,2.9,17.9,6.1,0,0,0,SHALLOW,VR398
1978,999999,0,34.2,6.1,0,34.2,6.1,0,0,0,SHALLOW,WC607
1984,999999,0,33.9,6,0,33.9,6,0,0,0,SHALLOW,MP164
1988,19177,1.4,26,6,1.4,26,6,0,0,0,SHALLOW,ST197
1971,117982,0.3,32.4,6,0.3,32.4,6,0,0,0,SHALLOW,WC095
1977,999999,0,33.5,6,0,33.5,6,0,0,0,SHALLOW,EI294
1992,206835,0.2,32.3,5.9,0.2,32.3,5.9,0,0,0,DEEP,MC445
1982,27478,1,27.6,5.9,0.4,24.4,4.8,0.6,3.2,1.1,SHALLOW,VR153
1980,999999,0,32.8,5.9,0,32.8,5.9,0,0,0,SHALLOW,WC370
1984,100496,0.3,31.6,5.9,0.3,31.6,5.9,0,0,0,SHALLOW,MP243
1966,999999,0,32.4,5.8,0,32.4,5.8,0,0,0,SHALLOW,MP111
1995,999999,0,32.7,5.8,0,32.7,5.8,0,0,0,SHALLOW,GA395
1973,703,5.2,3.6,5.8,5.2,3.6,5.8,0,0,0,SHALLOW,WC661
1988,999999,0,32,5.7,0,32,5.7,0,0,0,DEEP,VK873
1983,798,5,4,5.6,4.3,3.7,4.9,0.7,0.3,0.7,SHALLOW,MP308
1966,9286,2.1,19.9,5.7,2.1,19.9,5.7,0,0,0,SHALLOW,SM016
1989,106626,0.3,30,5.6,0.3,30,5.6,0,0,0,SHALLOW,GB240
1978,256754,0.1,31,5.6,0.1,31,5.6,0,0,0,SHALLOW,ST146
1966,29767,0.9,26.2,5.6,0.9,26.2,5.6,0,0,0,SHALLOW,ST245
1976,41829,0.7,27.7,5.6,0.7,27.7,5.6,0,0,0,SHALLOW,EC347
1977,999999,0,30.6,5.5,0,30.6,5.5,0,0,0,SHALLOW,GA131A
1987,80848,0.4,28.9,5.5,0.4,28.9,5.5,0,0,0,SHALLOW,WC599
1990,136680,0.2,29.9,5.5,0.2,29.9,5.5,0,0,0,SHALLOW,GA379
1990,615710,0,30,5.4,0,30,5.4,0,0,0,SHALLOW,GA273
1977,999999,0,29.9,5.4,0,29.9,5.4,0,0,0,SHALLOW,WC264
2005,0,0,30.3,5.4,0,25.1,4.5,0,5.2,0.9,DEEP,MC161
1985,910299,0,29.7,5.3,0,29.7,5.3,0,0,0,SHALLOW,EC378
1997,999999,0,29.9,5.3,0,29.9,5.3,0,0,0,SHALLOW,WD065
1987,358343,0.1,29.4,5.3,0.1,29.4,5.3,0,0,0,SHALLOW,MI588
1986,4539,2.9,13.3,5.3,2.8,11.1,4.8,0.1,2.2,0.5,SHALLOW,EC360
1998,51807,0.5,27.1,5.3,0.5,27.1,5.3,0,0,0,SHALLOW,ST139
1984,93878,0.3,27.8,5.3,0.3,27.8,5.3,0,0,0,SHALLOW,ST221
2008,999999,0,29.9,5.3,0,29.9,5.3,0,0,0,ULTRA-DEEP,DC048
1962,47640,0.5,25.9,5.2,0.5,25.9,5.2,0,0,0,SHALLOW,MP112
1984,16849,1.3,21.7,5.1,1.2,21.6,5,0.1,0.1,0.1,SHALLOW,VR107
2009,9300,1.9,18.4,5.3,1.3,14.2,3.9,0.6,4.2,1.4,DEEP,GC490
2004,935045,0,28.5,5.1,0,28.1,5,0,0.4,0.1,DEEP,GC137
1984,132964,0.2,27.5,5.1,0.2,27.5,5.1,0,0,0,SHALLOW,MC322
1984,8034,2.1,16.9,5.1,2.1,16.9,5.1,0,0,0,SHALLOW,EI085
1984,108283,0.2,27,5.1,0.2,27,5.1,0,0,0,SHALLOW,MP163
2007,18256,1.2,21.9,5.1,1.2,21.9,5.1,0,0,0,DEEP,VK1003
1985,483896,0.1,28.5,5.1,0.1,28.5,5.1,0,0,0,SHALLOW,MU754
2008,1527,4,6.1,5,4,6.1,5,0,0,0,DEEP,GC448
1973,999999,0,28.2,5,0,28.2,5,0,0,0,SHALLOW,HI273A
1980,591883,0,27.5,4.9,0,27.5,4.9,0,0,0,SHALLOW,MI565
1982,999999,0,27.6,4.9,0,27.6,4.9,0,0,0,SHALLOW,WC315
1996,43555,0.6,24.5,4.9,0.6,24.5,4.9,0,0,0,SHALLOW,MP261
1984,330421,0.1,27,4.9,0.1,27,4.9,0,0,0,SHALLOW,SM255
1984,26407,0.9,22.6,4.9,0.9,22.6,4.9,0,0,0,SHALLOW,BA494
1988,178106,0.2,26.9,4.9,0.2,26.9,4.9,0,0,0,SHALLOW,GA333
1994,0,0,27.4,4.9,0,27.4,4.9,0,0,0,SHALLOW,MO820
1984,82370,0.3,25.3,4.8,0.3,25.3,4.8,0,0,0,SHALLOW,SS321
1979,999999,0,26.7,4.8,0,26.7,4.8,0,0,0,SHALLOW,MI687
1973,939088,0,26.8,4.8,0,26.8,4.8,0,0,0,SHALLOW,VR202
1988,0,0,26.8,4.8,0,26.8,4.8,0,0,0,SHALLOW,VK986
2015,1049,4,4.3,4.8,0.9,1.4,1.2,3.1,2.9,3.6,DEEP,VK959
1982,189642,0.1,26,4.8,0.1,26,4.8,0,0,0,SHALLOW,EC213
1985,67987,0.4,25,4.8,0.4,25,4.8,0,0,0,SHALLOW,GA320
1984,999999,0,26.6,4.7,0,26.6,4.7,0,0,0,SHALLOW,MU782
1997,999999,0,26.4,4.7,0,26.4,4.7,0,0,0,SHALLOW,WC598
1984,144122,0.2,25.6,4.7,0.2,25.6,4.7,0,0,0,SHALLOW,WC277
1963,23726,0.9,21.5,4.7,0.9,21.5,4.7,0,0,0,SHALLOW,VR193
1985,171950,0.1,25.7,4.7,0.1,25.7,4.7,0,0,0,SHALLOW,EC267
2001,494873,0.1,26.3,4.7,0.1,26.3,4.7,0,0,0,ULTRA-DEEP,MC299
1985,999999,0,26.6,4.7,0,26.6,4.7,0,0,0,SHALLOW,ST225
1977,316744,0.1,25.4,4.6,0.1,25.4,4.6,0,0,0,SHALLOW,HI497A
1980,464262,0.1,25.4,4.6,0.1,25.4,4.6,0,0,0,SHALLOW,SM231
1983,650885,0,25.7,4.6,0,25.7,4.6,0,0,0,SHALLOW,MI568
1984,48051,0.5,23.3,4.6,0.5,23.3,4.6,0,0,0,SHALLOW,GA313
1956,75537,0.3,23.9,4.6,0.3,23.9,4.6,0,0,0,SHALLOW,EI027
1975,806584,0,25.8,4.6,0,25.8,4.6,0,0,0,SHALLOW,HI532A
1987,174762,0.1,24.5,4.5,0.1,24.5,4.5,0,0,0,SHALLOW,MU781
1986,53495,0.4,22.7,4.5,0.4,22.7,4.5,0,0,0,SHALLOW,ST290
1989,32246,0.7,21.3,4.5,0.7,21.3,4.5,0,0,0,SHALLOW,ST107
1991,180956,0.1,24.5,4.5,0.1,24.5,4.5,0,0,0,SHALLOW,BA364
1989,13455,1.3,18,4.5,1.3,17.3,4.4,0,0.7,0.1,SHALLOW,SM018
1986,999999,0,25.3,4.5,0,25.3,4.5,0,0,0,SHALLOW,MP089
1966,931585,0,25.1,4.5,0,25.1,4.5,0,0,0,SHALLOW,WC041
1998,999999,0,24.8,4.4,0,24.8,4.4,0,0,0,DEEP,GB367
1980,53591,0.4,22.6,4.4,0.4,22.6,4.4,0,0,0,SHALLOW,MU859
1998,177669,0.1,24.2,4.4,0.1,24.2,4.4,0,0,0,SHALLOW,HI169
1975,999999,0,24.6,4.4,0,24.6,4.4,0,0,0,SHALLOW,WC414
1982,411448,0.1,24.6,4.4,0.1,24.6,4.4,0,0,0,SHALLOW,VR051
1982,97619,0.2,23.5,4.4,0.2,23.5,4.4,0,0,0,SHALLOW,VR175
1966,979317,0,24.4,4.4,0,24.4,4.4,0,0,0,SHALLOW,EC118
2000,999999,0,23.9,4.3,0,23.9,4.3,0,0,0,SHALLOW,VK384
1983,999999,0,24,4.3,0,24,4.3,0,0,0,SHALLOW,WC379
1984,999999,0,24.3,4.3,0,24.3,4.3,0,0,0,SHALLOW,MU868
1988,16949,1.1,18,4.3,1.1,18,4.3,0,0,0,SHALLOW,SP043
1978,528702,0,23.6,4.2,0,23.6,4.2,0,0,0,SHALLOW,EI321
1984,999999,0,23.8,4.2,0,23.8,4.2,0,0,0,SHALLOW,WC420
2000,1547,3.2,5,4.1,3.2,5,4.1,0,0,0,SHALLOW,VK738
1981,25530,0.7,18.9,4.1,0.7,18.9,4.1,0,0,0,SHALLOW,EI070
1980,0,0,23.3,4.1,0,23.3,4.1,0,0,0,SHALLOW,HI515A
1999,0,0,23,4.1,0,23,4.1,0,0,0,SHALLOW,GB108
1975,95576,0.2,21.6,4.1,0.2,21.6,4.1,0,0,0,SHALLOW,VR064
1985,53112,0.4,20.7,4.1,0.4,20.7,4.1,0,0,0,SHALLOW,SM117
1974,0,0,23.2,4.1,0,23.2,4.1,0,0,0,SHALLOW,SS115
1985,234912,0.1,21.7,4,0.1,21.7,4,0,0,0,SHALLOW,MP227
1985,6519,1.8,11.9,4,1.8,11.9,4,0,0,0,SHALLOW,EW988
1988,999999,0,22.6,4,0,22.6,4,0,0,0,SHALLOW,BA550
2009,13568,1.2,15.8,4,1.2,15.8,4,0,0,0,DEEP,GB293
1984,939783,0,22,3.9,0,22,3.9,0,0,0,SHALLOW,MU847
1998,403754,0.1,21.5,3.9,0.1,21.5,3.9,0,0,0,SHALLOW,ST217
2002,0,0,22.1,3.9,0,22.1,3.9,0,0,0,SHALLOW,HI538A
1991,119796,0.2,21,3.9,0.2,21,3.9,0,0,0,SHALLOW,EI078
1969,195143,0.1,21.2,3.9,0.1,21.2,3.9,0,0,0,SHALLOW,HI086
2001,918789,0,21,3.8,0,21,3.8,0,0,0,SHALLOW,SS279
1997,751,3.4,2.5,3.9,3.3,2.5,3.8,0.1,0,0.1,SHALLOW,SS151
1989,299033,0.1,20.3,3.7,0.1,20.3,3.7,0,0,0,SHALLOW,BA002A
1989,158327,0.1,19.9,3.7,0.1,19.9,3.7,0,0,0,SHALLOW,HI519A
1993,106156,0.2,19.5,3.7,0.2,19.5,3.7,0,0,0,SHALLOW,EI087
1984,91414,0.2,19.6,3.7,0.2,19.6,3.7,0,0,0,SHALLOW,MP125
1998,80750,0.2,19.3,3.7,0.2,19.3,3.7,0,0,0,SHALLOW,ST046
1986,20933,0.8,16.4,3.7,0.8,16.4,3.7,0,0,0,SHALLOW,ST260
2006,250085,0.1,20.6,3.7,0.1,20.6,3.7,0,0,0,DEEP,GC195
1984,1922,2.2,8.2,3.6,2.2,4.2,2.9,0,4,0.7,SHALLOW,GC060
1994,232610,0.1,20,3.6,0.1,20,3.6,0,0,0,SHALLOW,HI528A
1986,754285,0,20.3,3.6,0,20.3,3.6,0,0,0,SHALLOW,HI129A
1984,221974,0.1,19.6,3.6,0.1,19.6,3.6,0,0,0,SHALLOW,MI670
1975,1416,2.9,4.1,3.6,2.9,4.1,3.6,0,0,0,SHALLOW,EB112
1984,999999,0,20.3,3.6,0,20.3,3.6,0,0,0,SHALLOW,MO861
1976,999999,0,20.1,3.6,0,20.1,3.6,0,0,0,SHALLOW,SP072
2013,12548,1.1,13.7,3.5,0.7,9,2.3,0.4,4.7,1.2,SHALLOW,BS025
1982,173160,0.1,19.3,3.5,0.1,19.3,3.5,0,0,0,SHALLOW,EC142
2003,1304,2.8,3.6,3.4,2.4,3.4,3,0.4,0.2,0.4,SHALLOW,MP287
1989,117368,0.2,18.8,3.5,0.2,18.8,3.5,0,0,0,SHALLOW,HI009A
1976,123112,0.1,18.3,3.4,0.1,18.3,3.4,0,0,0,SHALLOW,HI540A
2001,4668,1.8,8.6,3.4,1.8,8.6,3.4,0,0,0,DEEP,EB205
1983,92306,0.2,17.8,3.4,0.2,17.8,3.4,0,0,0,SHALLOW,WC167
1995,33424,0.5,16.6,3.4,0.5,16.6,3.4,0,0,0,SHALLOW,MP198
2000,1015,2.8,2.9,3.4,2.6,1.6,2.9,0.2,1.3,0.5,SHALLOW,MU726
1976,999999,0,19.1,3.4,0,19.1,3.4,0,0,0,SHALLOW,HI290A
1991,198213,0.1,18.7,3.4,0.1,18.7,3.4,0,0,0,DEEP,GB208
1979,52501,0.3,16.6,3.3,0.3,16.6,3.3,0,0,0,SHALLOW,GI030
1990,69617,0.2,17.1,3.3,0.2,17.1,3.3,0,0,0,SHALLOW,GA319
1991,999999,0,18.7,3.3,0,18.7,3.3,0,0,0,SHALLOW,PN996
1996,0,0,18.7,3.3,0,18.7,3.3,0,0,0,SHALLOW,PS1166
1997,999999,0,18.7,3.3,0,18.7,3.3,0,0,0,SHALLOW,EB168
2004,999999,0,18.3,3.3,0,18.3,3.3,0,0,0,ULTRA-DEEP,LL005
1984,999999,0,18.3,3.3,0,18.3,3.3,0,0,0,SHALLOW,MI004A
1999,35185,0.5,15.8,3.3,0.5,15.8,3.3,0,0,0,SHALLOW,GB184
2007,999999,0,18.2,3.2,0,18.2,3.2,0,0,0,SHALLOW,MP114
1988,3320,2,6.8,3.2,2,6.8,3.2,0,0,0,SHALLOW,SS092
1979,18083,0.8,13.8,3.2,0.6,12.8,2.8,0.2,1,0.4,SHALLOW,ST030
1988,999999,0,17.9,3.2,0,17.9,3.2,0,0,0,SHALLOW,HI071A
1984,30999,0.5,15.1,3.2,0.5,15.1,3.2,0,0,0,SHALLOW,EC300
1968,460025,0,17.7,3.2,0,17.7,3.2,0,0,0,SHALLOW,BA538
1962,36591,0.4,15.6,3.2,0.4,15.6,3.2,0,0,0,SHALLOW,EC138
1991,240432,0.1,17.2,3.1,0.1,17.2,3.1,0,0,0,SHALLOW,BA542
1990,0,0,17.5,3.1,0,17.5,3.1,0,0,0,SHALLOW,MO990
1985,67875,0.2,16.3,3.1,0.2,16.3,3.1,0,0,0,SHALLOW,HI587A
1998,16037,0.8,13.1,3.1,0.8,13.1,3.1,0,0,0,SHALLOW,VR335
2003,37775,0.4,15.2,3.1,0.3,10.6,2.2,0.1,4.6,0.9,SHALLOW,SS110
1999,999999,0,17.2,3.1,0,17.2,3.1,0,0,0,SHALLOW,ST235
1986,28884,0.5,14.7,3.1,0.5,14.7,3.1,0,0,0,SHALLOW,EW868
1986,1193,2.4,2.9,3,2.4,2.9,3,0,0,0,SHALLOW,SS351
1966,13867,0.9,12.1,3,0.9,12.1,3,0,0,0,SHALLOW,GI072
1996,999999,0,16.6,3,0,16.6,3,0,0,0,SHALLOW,GI065
1993,520147,0,16.8,3,0,16.8,3,0,0,0,SHALLOW,VR112
1980,744513,0,16.7,3,0,16.7,3,0,0,0,SHALLOW,GA155A
1988,177303,0.1,16.1,3,0.1,16.1,3,0,0,0,SHALLOW,GI079
1989,266784,0.1,16.7,3,0.1,16.7,3,0,0,0,SHALLOW,BA413
2002,282928,0.1,16,2.9,0.1,16,2.9,0,0,0,SHALLOW,GA352
1985,86660,0.2,15.4,2.9,0.2,15.4,2.9,0,0,0,SHALLOW,MI639
1994,3231,1.8,5.9,2.9,1.8,5.9,2.9,0,0,0,SHALLOW,SS292
2001,32629,0.4,14,2.9,0.4,14,2.9,0,0,0,SHALLOW,ST274
1985,136727,0.1,15.6,2.9,0.1,15.6,2.9,0,0,0,SHALLOW,SS160
1971,966034,0,16.2,2.9,0,16.2,2.9,0,0,0,SHALLOW,EC294
1990,999999,0,16.5,2.9,0,16.5,2.9,0,0,0,SHALLOW,GA418
1987,999999,0,16,2.9,0,16,2.9,0,0,0,SHALLOW,WC600
1992,999999,0,16.2,2.9,0,16.2,2.9,0,0,0,SHALLOW,BA552
1982,28785,0.5,13.6,2.9,0.5,13.6,2.9,0,0,0,SHALLOW,PL002
1981,999999,0,16.4,2.9,0,16.4,2.9,0,0,0,SHALLOW,WC472
1989,999999,0,16.3,2.9,0,16.3,2.9,0,0,0,SHALLOW,HI200A
1986,349889,0,15.8,2.9,0,15.8,2.9,0,0,0,SHALLOW,WC311
1997,0,0,16.2,2.9,0,16.2,2.9,0,0,0,SHALLOW,GB179
2005,38061,0.4,14.2,2.9,0.4,14.2,2.9,0,0,0,SHALLOW,MP118
2003,11445,1,11,2.9,1,11,2.9,0,0,0,SHALLOW,EI280
1994,999999,0,16.5,2.9,0,16.5,2.9,0,0,0,SHALLOW,WD049
1963,755434,0,15.5,2.8,0,15.5,2.8,0,0,0,SHALLOW,WD064
1983,483259,0,15.4,2.8,0,15.4,2.8,0,0,0,SHALLOW,VR088
1997,180166,0.1,15.2,2.8,0.1,15.2,2.8,0,0,0,SHALLOW,MP226
1987,111930,0.1,15.2,2.8,0.1,15.2,2.8,0,0,0,SHALLOW,VR187
1976,3740,1.7,6.3,2.8,1.7,6.3,2.8,0,0,0,SHALLOW,EI324
1976,6976,1.3,8.9,2.8,1.3,8.9,2.8,0,0,0,SHALLOW,GA218A
1985,646931,0,15.4,2.8,0,15.4,2.8,0,0,0,DEEP,GB379
1979,303676,0,14.8,2.7,0,14.8,2.7,0,0,0,SHALLOW,VR355
1989,2766,1.8,5,2.7,1.8,5,2.7,0,0,0,DEEP,GB388
1992,1672,2,3.5,2.6,1.9,3.4,2.5,0.1,0.1,0.1,SHALLOW,EW989
1992,0,0,15.1,2.7,0,15.1,2.7,0,0,0,SHALLOW,GA050A
2003,70059,0.2,14.2,2.7,0.2,14.2,2.7,0,0,0,SHALLOW,SM109
1977,17930,0.6,11.7,2.7,0.5,11.4,2.5,0.1,0.3,0.2,SHALLOW,EI351
1981,999999,0,15,2.7,0,15,2.7,0,0,0,SHALLOW,MU124A
1972,46050,0.3,13,2.6,0.3,13,2.6,0,0,0,SHALLOW,EI335
1996,348958,0,14.2,2.6,0,14.2,2.6,0,0,0,SHALLOW,SM017
1981,14602,0.7,10.6,2.6,0.7,10.6,2.6,0,0,0,SHALLOW,SS250
1988,331661,0,14.4,2.6,0,14.4,2.6,0,0,0,SHALLOW,MI705
1975,0,0,14.8,2.6,0,14.8,2.6,0,0,0,DEEP,MC068
1992,0,0,14.8,2.6,0,14.8,2.6,0,0,0,SHALLOW,EI245
1984,999999,0,14.7,2.6,0,14.7,2.6,0,0,0,SHALLOW,MP126
1988,999999,0,14.5,2.6,0,14.5,2.6,0,0,0,SHALLOW,HI126A
1996,153381,0.1,14.3,2.6,0.1,14.3,2.6,0,0,0,SHALLOW,EC276
1984,0,0,14.4,2.6,0,14.4,2.6,0,0,0,SHALLOW,MO955
1999,999999,0,14.4,2.6,0,14.4,2.6,0,0,0,SHALLOW,VR083
2002,237373,0.1,14,2.6,0.1,14,2.6,0,0,0,SHALLOW,HI367A
1993,197984,0.1,14.2,2.6,0.1,14.2,2.6,0,0,0,SHALLOW,VR296
1988,0,0,14.6,2.6,0,14.6,2.6,0,0,0,SHALLOW,MP175
1987,0,0,14.3,2.5,0,14.3,2.5,0,0,0,SHALLOW,MO959
1970,39835,0.3,12.2,2.5,0.3,12.2,2.5,0,0,0,SHALLOW,MP277
1990,0,0,13.8,2.5,0,13.8,2.5,0,0,0,SHALLOW,MP262
1985,12777,0.8,9.8,2.5,0.8,9.8,2.5,0,0,0,SHALLOW,WD143
2000,59345,0.2,12.9,2.5,0.2,12.9,2.5,0,0,0,SHALLOW,EI098
2005,3291,1.6,5.1,2.5,1.5,5,2.4,0.1,0.1,0.1,SHALLOW,EI123
1997,179394,0.1,13.5,2.5,0.1,13.5,2.5,0,0,0,SHALLOW,MP250
1986,999999,0,14.1,2.5,0,14.1,2.5,0,0,0,SHALLOW,EC369
1997,134242,0.1,13,2.4,0.1,12.5,2.3,0,0.5,0.1,SHALLOW,MP062
2003,292839,0,13.1,2.4,0,13.1,2.4,0,0,0,DEEP,EB668
2016,1050,2,2.1,2.4,0,0,0,2,2.1,2.4,ULTRA-DEEP,MC609
1980,161224,0.1,12.9,2.4,0.1,12.9,2.4,0,0,0,SHALLOW,EI299
2000,291970,0,13.5,2.4,0,13.5,2.4,0,0,0,SHALLOW,WC310
1985,29997,0.4,11.1,2.4,0.4,11.1,2.4,0,0,0,SHALLOW,SS037
1963,24743,0.4,10.9,2.4,0.4,10.9,2.4,0,0,0,SHALLOW,VR054
1992,55559,0.2,12.2,2.4,0.2,12.2,2.4,0,0,0,SHALLOW,ST277
1984,999999,0,13.4,2.4,0,13.4,2.4,0,0,0,SHALLOW,HI237A
1998,14013,0.7,9.3,2.3,0.7,9.3,2.3,0,0,0,SHALLOW,MP233
1983,306708,0,12.9,2.3,0,12.9,2.3,0,0,0,SHALLOW,WC518
2002,487007,0,12.9,2.3,0,12.9,2.3,0,0,0,DEEP,GB205
1991,344810,0,12.7,2.3,0,12.7,2.3,0,0,0,SHALLOW,VR328
2000,27607,0.4,10.9,2.3,0.4,10.9,2.3,0,0,0,SHALLOW,EC144
1984,999999,0,12.9,2.3,0,12.9,2.3,0,0,0,SHALLOW,WC589
1988,999999,0,12.2,2.2,0,12.2,2.2,0,0,0,SHALLOW,VR095
2006,795440,0,12.5,2.2,0,12.5,2.2,0,0,0,SHALLOW,GB195
1998,999999,0,12.6,2.2,0,12.6,2.2,0,0,0,SHALLOW,GB139
1981,999999,0,12.2,2.2,0,12.2,2.2,0,0,0,SHALLOW,SM195
1989,865849,0,12.1,2.2,0,12.1,2.2,0,0,0,SHALLOW,PN059A
1987,0,0,12.2,2.2,0,12.2,2.2,0,0,0,SHALLOW,EI366
1990,999999,0,12.3,2.2,0,12.3,2.2,0,0,0,SHALLOW,MP181
1996,999999,0,11.6,2.1,0,11.6,2.1,0,0,0,SHALLOW,MI586
1980,71474,0.2,11.1,2.1,0.2,11.1,2.1,0,0,0,SHALLOW,SA011
1989,0,0,11.7,2.1,0,11.7,2.1,0,0,0,SHALLOW,VK124
1977,10131,0.8,7.6,2.1,0.8,7.6,2.1,0,0,0,SHALLOW,GA144
1984,999999,0,11.9,2.1,0,11.9,2.1,0,0,0,SHALLOW,VR069
1996,999999,0,11.8,2.1,0,11.8,2.1,0,0,0,SHALLOW,MO819
1984,0,0,11.7,2.1,0,11.7,2.1,0,0,0,SHALLOW,PN058A
1993,455203,0,11,2,0,11,2,0,0,0,SHALLOW,MU789
1975,42855,0.2,10.1,2,0.2,10.1,2,0,0,0,SHALLOW,HI542A
1984,999999,0,11.2,2,0,11.2,2,0,0,0,SHALLOW,EI336
1987,999999,0,11.1,2,0,11.1,2,0,0,0,SHALLOW,CA031
1990,321439,0,11,2,0,11,2,0,0,0,SHALLOW,MI591
1977,430966,0,11.1,2,0,11.1,2,0,0,0,SHALLOW,MU755
1989,0,0,11.4,2,0,11.4,2,0,0,0,SHALLOW,MO865
1988,0,0,11.1,2,0,11.1,2,0,0,0,SHALLOW,VK076
1978,999999,0,11.5,2,0,11.5,2,0,0,0,SHALLOW,HI414A
1982,999999,0,11.3,2,0,11.3,2,0,0,0,SHALLOW,GA384
2006,0,0,11,2,0,11,2,0,0,0,SHALLOW,PS1073
1983,75228,0.1,10.1,1.9,0.1,10.1,1.9,0,0,0,SHALLOW,HI163
2006,480953,0,10.8,1.9,0,10.8,1.9,0,0,0,SHALLOW,GA355
1987,999999,0,10.7,1.9,0,10.7,1.9,0,0,0,SHALLOW,HI014A
1982,65172,0.1,9.6,1.9,0.1,9.6,1.9,0,0,0,SHALLOW,GA213
2001,33446,0.3,9,1.9,0.3,9,1.9,0,0,0,SHALLOW,EC368
2006,9427,0.7,6.8,1.9,0.7,6.8,1.9,0,0,0,SHALLOW,ST223
1988,1521,1.5,2.2,1.9,1.5,2.2,1.9,0,0,0,SHALLOW,MP141
1990,999999,0,10.8,1.9,0,10.8,1.9,0,0,0,SHALLOW,WC491
1995,373415,0,10.1,1.8,0,10.1,1.8,0,0,0,SHALLOW,VR100
1985,6381,0.9,5.5,1.8,0.8,5.2,1.7,0.1,0.3,0.1,SHALLOW,ST287
2003,999999,0,9.9,1.8,0,9.9,1.8,0,0,0,ULTRA-DEEP,LL050
1987,10575,0.6,6.8,1.8,0.6,6.8,1.8,0,0,0,SHALLOW,WD038
1978,56807,0.2,9.2,1.8,0.2,9.2,1.8,0,0,0,SHALLOW,EC026
1991,368027,0,10.1,1.8,0,10.1,1.8,0,0,0,SHALLOW,BA475
1988,151302,0.1,9.9,1.8,0.1,9.9,1.8,0,0,0,SHALLOW,MP139
1977,0,0,10.1,1.8,0,10.1,1.8,0,0,0,SHALLOW,WC254
1993,93120,0.1,9.4,1.8,0.1,9.4,1.8,0,0,0,SHALLOW,HI093
1986,999999,0,10.3,1.8,0,10.3,1.8,0,0,0,SHALLOW,SM172
1990,37779,0.2,8.7,1.8,0.2,8.7,1.8,0,0,0,SHALLOW,VR275
1979,142709,0.1,9.5,1.8,0.1,9.5,1.8,0,0,0,SHALLOW,PL015
1999,22672,0.3,7.6,1.7,0.3,7.6,1.7,0,0,0,SHALLOW,SS103
1982,999999,0,9.5,1.7,0,9.5,1.7,0,0,0,SHALLOW,WC425
1984,108442,0.1,8.9,1.7,0.1,8.9,1.7,0,0,0,SHALLOW,SA007
1980,999999,0,9.7,1.7,0,9.7,1.7,0,0,0,SHALLOW,SS237
1977,0,0,9.6,1.7,0,9.6,1.7,0,0,0,SHALLOW,SM257
1997,18768,0.4,7.5,1.7,0.4,7.5,1.7,0,0,0,SHALLOW,GC020
2004,64969,0.1,8.8,1.7,0.1,8.8,1.7,0,0,0,SHALLOW,EI304
1966,999999,0,9.4,1.7,0,9.4,1.7,0,0,0,SHALLOW,EC224
1982,999999,0,9.6,1.7,0,9.6,1.7,0,0,0,SHALLOW,SM274
1982,22354,0.3,7.5,1.7,0.3,7.5,1.7,0,0,0,SHALLOW,EC002
1986,999999,0,8.8,1.6,0,8.8,1.6,0,0,0,SHALLOW,HI183A
2000,33444,0.2,7.7,1.6,0.2,7.7,1.6,0,0,0,SHALLOW,MP150
1990,95158,0.1,8.3,1.6,0.1,8.3,1.6,0,0,0,SHALLOW,HI262
1983,999999,0,8.8,1.6,0,8.8,1.6,0,0,0,SHALLOW,GA127A
1978,999999,0,8.8,1.6,0,8.8,1.6,0,0,0,SHALLOW,GA133A
2002,98547,0.1,7.9,1.5,0.1,7.9,1.5,0,0,0,SHALLOW,ST187
1987,0,0,8.5,1.5,0,8.5,1.5,0,0,0,SHALLOW,VK032
1998,179635,0,8.4,1.5,0,8.4,1.5,0,0,0,SHALLOW,HI235
1995,999999,0,8.4,1.5,0,8.4,1.5,0,0,0,SHALLOW,EC136
1984,0,0,8.4,1.5,0,8.4,1.5,0,0,0,SHALLOW,PN072A
1976,999999,0,8.7,1.5,0,8.7,1.5,0,0,0,SHALLOW,HI352A
1995,0,0,8.5,1.5,0,8.5,1.5,0,0,0,SHALLOW,HI451A
1988,999999,0,8.6,1.5,0,8.6,1.5,0,0,0,SHALLOW,EC117
1988,1453,1.2,1.8,1.5,1.2,1.8,1.5,0,0,0,SHALLOW,EW991
1982,999999,0,8.3,1.5,0,8.3,1.5,0,0,0,SHALLOW,MU791
1994,104132,0.1,7.3,1.4,0.1,7.3,1.4,0,0,0,SHALLOW,GA325
1986,0,0,7.9,1.4,0,7.9,1.4,0,0,0,SHALLOW,MO914
2008,3167,0.9,2.8,1.4,0.9,2.8,1.4,0,0,0,SHALLOW,HI589A
1979,229943,0,7.6,1.4,0,7.6,1.4,0,0,0,SHALLOW,SM113
1978,231020,0,7.7,1.4,0,7.7,1.4,0,0,0,SHALLOW,GA157A
1969,414527,0,7.7,1.4,0,7.7,1.4,0,0,0,SHALLOW,BA541
1971,999999,0,8.1,1.4,0,8.1,1.4,0,0,0,SHALLOW,MP099
1990,0,0,7.9,1.4,0,7.9,1.4,0,0,0,SHALLOW,MO947
1995,99459,0.1,7.2,1.4,0.1,7.2,1.4,0,0,0,SHALLOW,GA034A
1984,999999,0,8.1,1.4,0,8.1,1.4,0,0,0,SHALLOW,VR223
2001,0,0,8,1.4,0,8,1.4,0,0,0,SHALLOW,PN912
1999,56051,0.1,6.9,1.4,0.1,6.9,1.4,0,0,0,SHALLOW,PL017
1989,0,0,7.7,1.4,0,7.7,1.4,0,0,0,SHALLOW,PE881
1983,0,0,7.9,1.4,0,7.9,1.4,0,0,0,SHALLOW,CA014
1996,11007,0.5,5.2,1.4,0.5,5.2,1.4,0,0,0,SHALLOW,SS361
1982,403926,0,7.2,1.3,0,7.2,1.3,0,0,0,SHALLOW,MP029
2002,999999,0,7.4,1.3,0,7.4,1.3,0,0,0,SHALLOW,WC347
1990,132750,0.1,7.2,1.3,0.1,7.2,1.3,0,0,0,SHALLOW,SS062
1990,0,0,7.5,1.3,0,7.5,1.3,0,0,0,SHALLOW,VK027
2000,31749,0.2,6.4,1.3,0.2,6.4,1.3,0,0,0,SHALLOW,MP086
2004,999999,0,7.3,1.3,0,7.3,1.3,0,0,0,SHALLOW,WC424
1988,0,0,7.4,1.3,0,7.4,1.3,0,0,0,SHALLOW,VK024
1988,0,0,7.5,1.3,0,7.5,1.3,0,0,0,SHALLOW,CA038
2004,777166,0,7.1,1.3,0,7.1,1.3,0,0,0,SHALLOW,EI395
1975,662589,0,7.5,1.3,0,7.5,1.3,0,0,0,SHALLOW,EC303
1982,6153,0.6,3.7,1.3,0.6,3.7,1.3,0,0,0,SHALLOW,WD067
2002,999999,0,7.1,1.3,0,7.1,1.3,0,0,0,DEEP,MC066
2006,999999,0,6.7,1.2,0,6.7,1.2,0,0,0,SHALLOW,CA032
1987,999999,0,6.9,1.2,0,6.9,1.2,0,0,0,SHALLOW,CA041
2006,21294,0.2,5.3,1.2,0.2,5.3,1.2,0,0,0,SHALLOW,SS138
1990,0,0,6.6,1.2,0,6.6,1.2,0,0,0,SHALLOW,MP256
2006,0,0,6.5,1.2,0,6.5,1.2,0,0,0,SHALLOW,PS1133
2004,999999,0,6.9,1.2,0,6.9,1.2,0,0,0,SHALLOW,WC546
1985,241894,0,6.7,1.2,0,6.7,1.2,0,0,0,SHALLOW,MP217
1990,84683,0.1,6.2,1.2,0.1,6.2,1.2,0,0,0,SHALLOW,GB142
1984,999999,0,6.7,1.2,0,6.7,1.2,0,0,0,SHALLOW,WC604
1985,999999,0,6.6,1.2,0,6.6,1.2,0,0,0,SHALLOW,WC663
1988,33232,0.2,6,1.2,0.2,6,1.2,0,0,0,SHALLOW,EC106
1987,149220,0,6.7,1.2,0,6.7,1.2,0,0,0,DEEP,MC285
2003,999999,0,6.5,1.2,0,6.5,1.2,0,0,0,SHALLOW,GB197
1990,850402,0,6.5,1.2,0,6.5,1.2,0,0,0,SHALLOW,EC306
2008,1025,1,1.1,1.2,1,1.1,1.2,0,0,0,SHALLOW,GI054
1987,999999,0,7,1.2,0,7,1.2,0,0,0,SHALLOW,MP159
1988,0,0,6.8,1.2,0,6.8,1.2,0,0,0,SHALLOW,VR257
1994,0,0,6.7,1.2,0,6.7,1.2,0,0,0,SHALLOW,VK252
1998,527587,0,6.7,1.2,0,6.7,1.2,0,0,0,SHALLOW,VR087
2004,1043,1,1,1.2,1,1,1.2,0,0,0,DEEP,GC646
1991,430625,0,6.5,1.2,0,6.5,1.2,0,0,0,SHALLOW,EI289
2000,285528,0,6.4,1.2,0,6.4,1.2,0,0,0,SHALLOW,HI202
1999,999999,0,6,1.1,0,6,1.1,0,0,0,SHALLOW,PN1010
2006,14691,0.3,4.5,1.1,0.3,4.5,1.1,0,0,0,SHALLOW,SS053
2006,158307,0,5.7,1.1,0,5.7,1.1,0,0,0,SHALLOW,MP200
1977,228505,0,6.2,1.1,0,6.2,1.1,0,0,0,SHALLOW,VR407
1985,8511,0.4,3.8,1.1,0.4,3.8,1.1,0,0,0,DEEP,GC075
1980,614868,0,6.3,1.1,0,6.3,1.1,0,0,0,SHALLOW,EC364
1998,5991,0.6,3.3,1.1,0.6,3.3,1.1,0,0,0,SHALLOW,GI068
1998,51577,0.1,5.7,1.1,0.1,5.7,1.1,0,0,0,SHALLOW,MP162
1997,0,0,6.4,1.1,0,6.4,1.1,0,0,0,SHALLOW,VK944
2002,999999,0,6,1.1,0,6,1.1,0,0,0,SHALLOW,WC416
1984,999999,0,5.9,1.1,0,5.9,1.1,0,0,0,SHALLOW,WC391
2000,999999,0,6.1,1.1,0,6.1,1.1,0,0,0,SHALLOW,ST250
1985,999999,0,6.3,1.2,0,6,1.1,0,0.3,0.1,SHALLOW,ST242
2002,34636,0.2,5.5,1.1,0.2,5.5,1.1,0,0,0,SHALLOW,HI198
1984,669047,0,6,1.1,0,6,1.1,0,0,0,SHALLOW,MP039
1989,999999,0,6.2,1.1,0,6.2,1.1,0,0,0,SHALLOW,HI260A
2000,1036,0.8,0.9,1,0.8,0.9,1,0,0,0,DEEP,AT063
1985,999999,0,5.9,1,0,5.9,1,0,0,0,SHALLOW,CA024
1990,0,0,5.7,1,0,5.7,1,0,0,0,SHALLOW,MP234
1986,0,0,5.5,1,0,5.5,1,0,0,0,SHALLOW,SS278
1979,999999,0,5.8,1,0,5.8,1,0,0,0,SHALLOW,WC359
2006,999999,0,5.7,1,0,5.7,1,0,0,0,SHALLOW,WC342
1989,999999,0,5.8,1,0,5.8,1,0,0,0,SHALLOW,WC398
2002,3834,0.6,2.3,1,0.6,2.3,1,0,0,0,SHALLOW,EI355
2006,0,0,5.5,1,0,5.5,1,0,0,0,SHALLOW,MP166
1987,692644,0,5.4,1,0,5.4,1,0,0,0,SHALLOW,MU752
1985,544419,0,5.7,1,0,5.7,1,0,0,0,SHALLOW,EI287
1986,498316,0,5.4,1,0,5.4,1,0,0,0,SHALLOW,WC236
2006,15738,0.3,4.1,1,0.3,4.1,1,0,0,0,SHALLOW,EI166
2009,963108,0,5.6,1,0,5.5,1,0,0.1,0,SHALLOW,CA043
2000,214167,0,5.3,1,0,5.3,1,0,0,0,SHALLOW,EI288
1994,73331,0.1,5.5,1,0.1,5.5,1,0,0,0,SHALLOW,MP242
1996,999999,0,5.7,1,0,5.7,1,0,0,0,SHALLOW,EW977
1990,132790,0,5.1,1,0,5.1,1,0,0,0,SHALLOW,GA291
1989,325913,0,5.1,0.9,0,5.1,0.9,0,0,0,SHALLOW,GA192A
2004,16241,0.2,3.9,0.9,0.2,3.9,0.9,0,0,0,SHALLOW,EI113B
1980,999999,0,5.1,0.9,0,5.1,0.9,0,0,0,SHALLOW,PN913
2001,156030,0,4.9,0.9,0,4.9,0.9,0,0,0,SHALLOW,MP020
1986,439327,0,5.2,0.9,0,5.2,0.9,0,0,0,SHALLOW,BA398
1968,268297,0,5.2,0.9,0,5.2,0.9,0,0,0,SHALLOW,BA506
2008,8257,0.3,2.9,0.9,0.3,2.9,0.9,0,0,0,DEEP,VK821
1988,260657,0,5,0.9,0,5,0.9,0,0,0,SHALLOW,GA351
1988,0,0,4.8,0.9,0,4.8,0.9,0,0,0,SHALLOW,EC196
1996,6502,0.4,2.7,0.9,0.4,2.7,0.9,0,0,0,SHALLOW,WD060
1987,999999,0,4.8,0.9,0,4.8,0.9,0,0,0,SHALLOW,GA096A
2006,0,0,4.3,0.8,0,4.3,0.8,0,0,0,SHALLOW,GA039A
2000,999999,0,4.4,0.8,0,4.4,0.8,0,0,0,SHALLOW,MP267
1981,198253,0,4.2,0.8,0,4.2,0.8,0,0,0,SHALLOW,MP128
1991,999999,0,4.7,0.8,0,4.7,0.8,0,0,0,SHALLOW,MP206
2004,0,0,4.6,0.8,0,4.6,0.8,0,0,0,DEEP,GC178
1987,23460,0.2,3.8,0.8,0.2,3.8,0.8,0,0,0,SHALLOW,EC377
1984,999999,0,4.5,0.8,0,4.5,0.8,0,0,0,SHALLOW,GA465
2001,999999,0,4.5,0.8,0,4.5,0.8,0,0,0,SHALLOW,PN012A
1987,0,0,4.4,0.8,0,4.4,0.8,0,0,0,SHALLOW,CA037
2004,74269,0.1,4,0.8,0.1,4,0.8,0,0,0,SHALLOW,SS101
1990,999999,0,4.7,0.8,0,4.7,0.8,0,0,0,SHALLOW,HI295A
2006,227403,0,4.6,0.8,0,4.6,0.8,0,0,0,SHALLOW,GI070
1994,560116,0,4.5,0.8,0,4.5,0.8,0,0,0,SHALLOW,MU807
1988,254240,0,4.2,0.8,0,4.2,0.8,0,0,0,SHALLOW,HI164
1973,0,0,4.3,0.8,0,4.3,0.8,0,0,0,SHALLOW,MP245
1982,43316,0.1,4.1,0.8,0.1,4.1,0.8,0,0,0,SHALLOW,EI311
1985,999999,0,4.3,0.8,0,4.3,0.8,0,0,0,SHALLOW,WC228
2003,91202,0,4.2,0.8,0,4.2,0.8,0,0,0,SHALLOW,WC078
1989,999999,0,4.2,0.8,0,4.2,0.8,0,0,0,SHALLOW,VK156
1988,0,0,4.2,0.8,0,4.2,0.8,0,0,0,SHALLOW,MO1002
1995,0,0,4.3,0.8,0,4.3,0.8,0,0,0,SHALLOW,WC635
2000,999999,0,4.3,0.8,0,4.3,0.8,0,0,0,SHALLOW,GI109
1988,0,0,4.7,0.8,0,4.7,0.8,0,0,0,SHALLOW,VK209
2005,0,0,3.8,0.7,0,3.8,0.7,0,0,0,SHALLOW,PS1152
2001,999999,0,3.7,0.7,0,3.7,0.7,0,0,0,SHALLOW,WC417
1986,999999,0,4.2,0.7,0,4.2,0.7,0,0,0,SHALLOW,HI178A
1977,0,0,4.2,0.7,0,4.2,0.7,0,0,0,SHALLOW,SS326
2007,999999,0,4.1,0.7,0,4.1,0.7,0,0,0,SHALLOW,HI247A
1988,0,0,3.9,0.7,0,3.9,0.7,0,0,0,SHALLOW,VK294
1996,162656,0,4.1,0.7,0,4.1,0.7,0,0,0,SHALLOW,HI108
2003,0,0,4.1,0.7,0,4.1,0.7,0,0,0,SHALLOW,CA027
1994,0,0,3.7,0.7,0,3.7,0.7,0,0,0,SHALLOW,MO866
1987,243081,0,3.7,0.7,0,3.7,0.7,0,0,0,SHALLOW,GA460
1990,843983,0,4.2,0.7,0,4.2,0.7,0,0,0,SHALLOW,BA515
1995,999999,0,3.8,0.7,0,3.8,0.7,0,0,0,SHALLOW,GA357
1992,30591,0.1,3.1,0.6,0.1,3.1,0.6,0,0,0,SHALLOW,GA330
1997,0,0,3.4,0.6,0,3.4,0.6,0,0,0,SHALLOW,HI320A
2006,37452,0.1,3,0.6,0.1,3,0.6,0,0,0,SHALLOW,HI064A
1996,235400,0,3.3,0.6,0,3.3,0.6,0,0,0,SHALLOW,HI023A
2004,0,0,3.1,0.6,0,3.1,0.6,0,0,0,SHALLOW,CA003
1990,0,0,3.5,0.6,0,3.5,0.6,0,0,0,SHALLOW,MO945
1983,51432,0.1,3.3,0.6,0.1,3.3,0.6,0,0,0,SHALLOW,WC157
1987,0,0,3.2,0.6,0,3.2,0.6,0,0,0,SHALLOW,VK031
1997,20443,0.1,2.5,0.6,0.1,2.5,0.6,0,0,0,SHALLOW,VR336
1994,28188,0.1,2.9,0.6,0.1,2.9,0.6,0,0,0,DEEP,MC026
1986,999999,0,3.2,0.6,0,3.2,0.6,0,0,0,SHALLOW,GA101A
1985,999999,0,3.1,0.6,0,3.1,0.6,0,0,0,SHALLOW,MU738
2006,0,0,3.6,0.6,0,3.6,0.6,0,0,0,SHALLOW,PS1113
2003,231948,0,3.3,0.6,0,3.3,0.6,0,0,0,SHALLOW,WC428
2007,999999,0,3.6,0.6,0,3.6,0.6,0,0,0,SHALLOW,SS235
2002,999999,0,3.2,0.6,0,3.2,0.6,0,0,0,SHALLOW,ST248
1994,28143,0.1,2.9,0.6,0.1,2.9,0.6,0,0,0,SHALLOW,EI186
2000,999999,0,3.3,0.6,0,3.3,0.6,0,0,0,SHALLOW,ST213
1999,10711,0.2,2.1,0.6,0.2,2.1,0.6,0,0,0,DEEP,GC177
1990,121697,0,3.1,0.6,0,3.1,0.6,0,0,0,SHALLOW,ST224
1990,742382,0,3.2,0.6,0,3.2,0.6,0,0,0,SHALLOW,EC246
1987,0,0,2.6,0.5,0,2.6,0.5,0,0,0,SHALLOW,MO960
1984,0,0,2.6,0.5,0,2.6,0.5,0,0,0,SHALLOW,WD050
1986,0,0,2.5,0.5,0,2.5,0.5,0,0,0,SHALLOW,VK074
1983,0,0,2.6,0.5,0,2.6,0.5,0,0,0,SHALLOW,SS165
1984,999999,0,3,0.5,0,3,0.5,0,0,0,SHALLOW,EI079
1999,145366,0,2.7,0.5,0,2.7,0.5,0,0,0,SHALLOW,EC275
2004,42072,0.1,2.4,0.5,0.1,2.4,0.5,0,0,0,SHALLOW,ST254
1994,61450,0,2.5,0.5,0,2.5,0.5,0,0,0,SHALLOW,HI253A
2007,0,0,3,0.5,0,3,0.5,0,0,0,SHALLOW,PS1111
2003,999999,0,3.1,0.5,0,3.1,0.5,0,0,0,SHALLOW,WC489
1998,65067,0,2.5,0.5,0,2.5,0.5,0,0,0,SHALLOW,MP178
2006,641659,0,2.6,0.5,0,2.6,0.5,0,0,0,SHALLOW,MP241
1987,3347,0.3,1,0.5,0.3,1,0.5,0,0,0,SHALLOW,SS052
1995,0,0,2.8,0.5,0,2.8,0.5,0,0,0,SHALLOW,SM097
2013,928891,0,2.7,0.5,0,2.7,0.5,0,0,0,SHALLOW,HI117
1998,91690,0,2.4,0.5,0,2.4,0.5,0,0,0,SHALLOW,MP216
2006,21491,0.1,2.3,0.5,0.1,2.3,0.5,0,0,0,SHALLOW,SS106
2004,1102,0.4,0.5,0.5,0.4,0.5,0.5,0,0,0,SHALLOW,EW949
1962,999999,0,2.9,0.5,0,2.9,0.5,0,0,0,SHALLOW,EC051
1996,999999,0,3.1,0.5,0,3.1,0.5,0,0,0,SHALLOW,WC284
1986,999999,0,2.4,0.4,0,2.4,0.4,0,0,0,SHALLOW,GB186
2006,999999,0,2,0.4,0,2,0.4,0,0,0,SHALLOW,MP211
1995,360549,0,2.5,0.4,0,2.5,0.4,0,0,0,SHALLOW,MP131
1983,716638,0,2.4,0.4,0,2.4,0.4,0,0,0,SHALLOW,HI549A
2001,447165,0,2.3,0.4,0,2.3,0.4,0,0,0,SHALLOW,HI233
2003,999999,0,2,0.4,0,2,0.4,0,0,0,SHALLOW,ST209
1988,688035,0,2.4,0.4,0,2.4,0.4,0,0,0,SHALLOW,GA427
2004,999999,0,2.5,0.4,0,2.5,0.4,0,0,0,SHALLOW,WC442
1986,999999,0,2.5,0.4,0,2.5,0.4,0,0,0,SHALLOW,MP056
1974,999999,0,2.3,0.4,0,2.3,0.4,0,0,0,SHALLOW,HI245A
2004,44887,0,2.1,0.4,0,2.1,0.4,0,0,0,SHALLOW,GA227
1996,0,0,2.4,0.4,0,2.4,0.4,0,0,0,SHALLOW,VK033
1987,0,0,2.1,0.4,0,2.1,0.4,0,0,0,SHALLOW,WC592
1988,701794,0,2,0.4,0,2,0.4,0,0,0,SHALLOW,EC233
2000,364488,0,2.4,0.4,0,2.4,0.4,0,0,0,SHALLOW,VR063
1957,999999,0,2.1,0.4,0,2.1,0.4,0,0,0,SHALLOW,EC115
1999,0,0,2.3,0.4,0,2.3,0.4,0,0,0,SHALLOW,HI153A
2005,0,0,2.2,0.4,0,2.2,0.4,0,0,0,SHALLOW,SS056
2002,19227,0.1,1.6,0.4,0.1,1.6,0.4,0,0,0,SHALLOW,GI028
1984,18052,0.1,1.6,0.4,0.1,1.6,0.4,0,0,0,DEEP,GC029
2006,33347,0,1.4,0.3,0,1.4,0.3,0,0,0,SHALLOW,ST288
1997,457247,0,1.6,0.3,0,1.6,0.3,0,0,0,SHALLOW,EI268
2006,0,0,1.6,0.3,0,1.6,0.3,0,0,0,SHALLOW,MO951
1974,0,0,1.7,0.3,0,1.7,0.3,0,0,0,SHALLOW,SM184
1987,137308,0,1.8,0.3,0,1.8,0.3,0,0,0,SHALLOW,GA097A
1980,0,0,1.9,0.3,0,1.9,0.3,0,0,0,SHALLOW,WC081
2006,0,0,1.8,0.3,0,1.8,0.3,0,0,0,SHALLOW,MO950
1989,0,0,1.6,0.3,0,1.6,0.3,0,0,0,SHALLOW,VK161
2003,999999,0,1.5,0.3,0,1.5,0.3,0,0,0,SHALLOW,WC403
1992,0,0,1.5,0.3,0,1.5,0.3,0,0,0,SHALLOW,MP154
1990,0,0,1.5,0.3,0,1.5,0.3,0,0,0,SHALLOW,VK213
2004,69271,0,1.5,0.3,0,1.5,0.3,0,0,0,SHALLOW,EI213
2006,0,0,1.1,0.2,0,1.1,0.2,0,0,0,SHALLOW,MO873
2005,0,0,1.1,0.2,0,1.1,0.2,0,0,0,SHALLOW,VK020
1995,999999,0,1.3,0.2,0,1.3,0.2,0,0,0,SHALLOW,ST241
1980,999999,0,1.2,0.2,0,1.2,0.2,0,0,0,SHALLOW,SM273
1996,999999,0,1,0.2,0,1,0.2,0,0,0,SHALLOW,HI274A
1997,0,0,0.9,0.2,0,0.9,0.2,0,0,0,SHALLOW,MP286
2006,0,0,1,0.2,0,1,0.2,0,0,0,SHALLOW,MO993
1970,19307,0,0.8,0.2,0,0.8,0.2,0,0,0,SHALLOW,ST140
1983,214120,0,0.9,0.2,0,0.9,0.2,0,0,0,SHALLOW,WC492
1998,999999,0,1,0.2,0,1,0.2,0,0,0,SHALLOW,WC092
2000,999999,0,1.3,0.2,0,1.3,0.2,0,0,0,SHALLOW,WC297
1996,0,0,0.9,0.2,0,0.9,0.2,0,0,0,SHALLOW,VK121
1988,0,0,1,0.2,0,1,0.2,0,0,0,SHALLOW,MO1003
1976,999999,0,1,0.2,0,1,0.2,0,0,0,SHALLOW,MP115
1994,1552,0.2,0.3,0.2,0.2,0.3,0.2,0,0,0,SHALLOW,GI115
2006,0,0,0.9,0.2,0,0.9,0.2,0,0,0,SHALLOW,PN998
1984,0,0,0.9,0.2,0,0.9,0.2,0,0,0,SHALLOW,CA021
2007,0,0,1.3,0.2,0,1.3,0.2,0,0,0,SHALLOW,MO994
1987,18512,0,0.6,0.1,0,0.6,0.1,0,0,0,SHALLOW,EI029
2004,0,0,0.4,0.1,0,0.4,0.1,0,0,0,SHALLOW,MO988
2005,0,0,0.8,0.1,0,0.8,0.1,0,0,0,SHALLOW,VK077
1997,0,0,0.7,0.1,0,0.7,0.1,0,0,0,SHALLOW,VK035
1991,862174,0,0.8,0.1,0,0.8,0.1,0,0,0,SHALLOW,VR041
1987,999999,0,0.7,0.1,0,0.7,0.1,0,0,0,SHALLOW,BA455
1979,119377,0,0.5,0.1,0,0.5,0.1,0,0,0,SHALLOW,MU053A
2000,2025,0.1,0.2,0.1,0.1,0.2,0.1,0,0,0,SHALLOW,VK739
1988,999999,0,0.3,0.1,0,0.3,0.1,0,0,0,SHALLOW,MU756
1993,999999,0,0.6,0.1,0,0.6,0.1,0,0,0,SHALLOW,BA507
2004,61356,0,0.4,0.1,0,0.4,0.1,0,0,0,SHALLOW,EI117
1993,4706,0.1,0.2,0.1,0.1,0.2,0.1,0,0,0,SHALLOW,EI023
1995,0,0,0.7,0.1,0,0.7,0.1,0,0,0,SHALLOW,VK155
1989,0,0,0.4,0.1,0,0.4,0.1,0,0,0,SHALLOW,MO830
2007,0,0,0.4,0.1,0,0.4,0.1,0,0,0,SHALLOW,VK026
1996,0,0,0.6,0.1,0,0.6,0.1,0,0,0,SHALLOW,VK123
1972,6098,0.1,0.3,0.1,0.1,0.3,0.1,0,0,0,SHALLOW,MP253
1980,0,0,0,0,0,0,0,0,0,0,SHALLOW,MU021A
1982,0,0,0,0,0,0,0,0,0,0,SHALLOW,MI652
2002,819387,0,0.1,0,0,0.1,0,0,0,0,SHALLOW,WC151
1996,0,0,0.2,0,0,0.2,0,0,0,0,SHALLOW,VK122
2005,0,0,0.2,0,0,0.2,0,0,0,0,SHALLOW,VK432
1987,0,0,0.1,0,0,0.1,0,0,0,0,SHALLOW,MO862
1976,584568,0,0.1,0,0,0.1,0,0,0,0,SHALLOW,MU090A
1987,61816,0,0.2,0,0,0.2,0,0,0,0,SHALLOW,GA385
